{"stats":{"minecraft:killed":{"minecraft:skeleton":70,"minecraft:wolf":1,"minecraft:husk":61,"minecraft:creeper":2,"minecraft:squid":1,"minecraft:zombie":5,"alexsmobs:terrapin":1,"minecraft:stray":1,"alexsmobs:fly":1,"alexsmobs:crow":1},"minecraft:killed_by":{"minecraft:player":1,"minecraft:drowned":1},"minecraft:dropped":{"minecraft:dark_oak_stairs":1,"minecraft:wheat_seeds":1,"minecraft:feather":1,"minecraft:stick":9,"minecraft:dirt":2,"minecraft:gray_concrete":1,"minecraft:diorite":1,"minecraft:ink_sac":1,"minecraft:dark_oak_trapdoor":1,"minecraft:smooth_quartz":4,"minecraft:iron_door":1,"gravestone:obituary":1,"minecraft:iron_nugget":4,"minecraft:chiseled_quartz_block":1,"butchersdelight:roaster":1,"minecraft:smooth_stone_slab":2,"minecraft:bowl":1,"minecraft:light_gray_concrete":6,"relics:arrow_quiver":1,"minecraft:calcite":5,"minecraft:stone_brick_stairs":1},"minecraft:broken":{"minecraft:stone_sword":2,"minecraft:iron_axe":1,"minecraft:stone_axe":1,"minecraft:iron_sword":2},"minecraft:mined":{"minecraft:dark_oak_planks":3,"minecraft:dark_prismarine":4,"minecraft:spruce_planks":11,"minecraft:dark_oak_leaves":1,"minecraft:dark_oak_log":30,"minecraft:dark_oak_fence":5,"minecraft:spruce_trapdoor":1,"gravestone:gravestone":3,"minecraft:grass_block":56,"minecraft:decorated_pot":1,"minecraft:jungle_planks":2,"minecraft:redstone_wire":3,"minecraft:coal_block":17,"minecraft:mangrove_trapdoor":1,"minecraft:spruce_leaves":1,"minecraft:spawner":7,"minecraft:large_fern":5,"minecraft:hay_block":43,"minecraft:black_stained_glass_pane":3,"minecraft:furnace":4,"minecraft:dark_oak_trapdoor":3,"minecraft:acacia_wood":36,"minecraft:dark_oak_stairs":2,"minecraft:dirt_path":1,"minecraft:iron_bars":2,"minecraft:light_gray_concrete":54,"minecraft:stone":25,"minecraft:stripped_mangrove_wood":2,"minecraft:player_head":1,"minecraft:spruce_slab":16,"minecraft:tripwire":3,"minecraft:redstone_wall_torch":1,"minecraft:gray_concrete":7,"minecraft:glass_pane":1,"minecraft:powder_snow":6,"minecraft:chiseled_quartz_block":26,"minecraft:crafting_table":8,"minecraft:calcite":9,"minecraft:chest":1,"minecraft:spruce_wall_sign":1,"minecraft:oak_planks":3,"minecraft:diorite":2,"minecraft:iron_door":1,"minecraft:wall_torch":2,"minecraft:spruce_stairs":2,"minecraft:gray_wool":3,"minecraft:repeater":2,"minecraft:stripped_spruce_wood":7,"butchersdelight:deadcowblock":1,"minecraft:light_gray_stained_glass":7,"minecraft:gray_bed":2,"minecraft:spruce_log":55,"minecraft:birch_door":1,"minecraft:stone_brick_stairs":2,"minecraft:smooth_stone_slab":1,"minecraft:grass":5,"butchersdelight:hook":1,"minecraft:coal_ore":12,"minecraft:cyan_carpet":1,"minecraft:smooth_quartz":22,"minecraft:dirt":9,"minecraft:gray_carpet":2,"minecraft:cobweb":1,"minecraft:acacia_planks":35,"minecraft:stone_bricks":1,"minecraft:fern":2},"minecraft:custom":{"minecraft:mob_kills":147,"minecraft:interact_with_crafting_table":30,"minecraft:open_barrel":13,"minecraft:time_since_death":74323,"minecraft:climb_one_cm":20757,"minecraft:sprint_one_cm":173041,"minecraft:walk_one_cm":496942,"minecraft:damage_blocked_by_shield":250,"minecraft:drop":28,"minecraft:play_time":204088,"minecraft:deaths":3,"minecraft:sneak_time":22746,"minecraft:walk_under_water_one_cm":15395,"minecraft:jump":1430,"minecraft:interact_with_blast_furnace":2,"minecraft:walk_on_water_one_cm":11730,"minecraft:total_world_time":204088,"minecraft:interact_with_furnace":7,"minecraft:sleep_in_bed":5,"minecraft:time_since_rest":7963,"minecraft:waystone_activated":3,"minecraft:damage_taken":2420,"minecraft:damage_dealt":32585,"minecraft:player_kills":1,"minecraft:swim_one_cm":30074,"minecraft:fly_one_cm":172507,"minecraft:open_chest":68,"minecraft:crouch_one_cm":37800,"minecraft:fall_one_cm":24025,"minecraft:inspect_dispenser":2},"minecraft:picked_up":{"minecraft:crafting_table":8,"minecraft:birch_door":2,"minecraft:potion":1,"minecraft:stone_brick_stairs":2,"gravestone:obituary":1,"minecraft:shield":1,"minecraft:string":4,"minecraft:dark_oak_trapdoor":3,"minecraft:smooth_stone_slab":2,"minecraft:cyan_carpet":1,"butchersdelight:dead_cow":6,"minecraft:spruce_planks":9,"minecraft:beef":24,"minecraft:player_head":1,"minecraft:redstone_torch":1,"minecraft:calcite":13,"minecraft:smooth_quartz":21,"minecraft:spruce_slab":16,"minecraft:coal_block":35,"minecraft:chest":1,"doggytalents:sussy_sickle":1,"minecraft:spruce_trapdoor":1,"minecraft:furnace":5,"minecraft:stick":17,"minecraft:stripped_mangrove_wood":4,"minecraft:torch":3,"minecraft:spruce_stairs":2,"minecraft:diorite":3,"minecraft:mangrove_sign":1,"minecraft:redstone":4,"minecraft:dark_oak_planks":7,"minecraft:arrow":70,"minecraft:rotten_flesh":37,"minecraft:decorated_pot":1,"minecraft:pumpkin_pie":6,"relics:arrow_quiver":1,"minecraft:hay_block":86,"minecraft:saddle":1,"minecraft:gold_ingot":23,"minecraft:obsidian":9,"minecraft:iron_bars":2,"minecraft:cobblestone":43,"relics:roller_skates":1,"minecraft:feather":1,"minecraft:repeater":2,"minecraft:iron_door":1,"minecraft:chiseled_quartz_block":26,"minecraft:acacia_wood":36,"minecraft:filled_map":1,"minecraft:stripped_spruce_wood":7,"minecraft:gunpowder":2,"minecraft:gray_concrete":7,"minecraft:dirt":67,"minecraft:lantern":1,"minecraft:name_tag":1,"minecraft:bone":133,"farmersdelight:iron_knife":1,"minecraft:acacia_planks":47,"minecraft:apple":28,"minecraft:gray_carpet":2,"minecraft:bow":1,"minecraft:wheat_seeds":1,"minecraft:iron_ingot":45,"minecraft:dark_oak_sign":10,"minecraft:gray_bed":2,"minecraft:oak_planks":3,"minecraft:dark_oak_stairs":2,"relics:hunter_belt":1,"butchersdelight:cow_hide":2,"butchersdelight:skullcow":3,"minecraft:jungle_planks":2,"minecraft:spruce_sapling":7,"minecraft:ink_sac":1,"minecraft:spruce_log":55,"minecraft:dark_oak_log":10,"minecraft:dark_prismarine":4,"minecraft:light_gray_concrete":53,"waystones:waystone":3,"minecraft:gray_wool":3,"minecraft:golden_apple":3,"minecraft:spruce_sign":1,"butchersdelight:hook":2,"minecraft:dark_oak_fence":5,"minecraft:coal":12},"minecraft:crafted":{"minecraft:coal":153,"minecraft:iron_nugget":9,"minecraft:furnace":2,"butchersdelight:rack":1,"minecraft:iron_boots":1,"doggytalents:sussy_sickle":3,"minecraft:iron_axe":2,"butchersdelight:roaster":1,"minecraft:chest":4,"minecraft:gray_bed":1,"minecraft:wheat":387,"minecraft:cooked_beef":12,"minecraft:coal_block":9,"butchersdelight:hook":1,"minecraft:crafting_table":2,"minecraft:spruce_planks":256,"farmersdelight:iron_knife":1,"minecraft:iron_helmet":1,"minecraft:iron_sword":3,"minecraft:stone_axe":1,"minecraft:bread":129,"minecraft:air":0,"minecraft:iron_chestplate":1,"minecraft:golden_apple":2,"minecraft:shield":1,"minecraft:stick":44,"minecraft:iron_pickaxe":2,"minecraft:stone_sword":2,"minecraft:acacia_door":3,"minecraft:iron_shovel":1,"minecraft:iron_leggings":1,"minecraft:acacia_planks":144,"minecraft:torch":56},"minecraft:used":{"minecraft:iron_bars":1,"minecraft:stone_sword":262,"minecraft:iron_shovel":48,"minecraft:spruce_slab":9,"minecraft:chest":5,"minecraft:decorated_pot":1,"minecraft:spruce_planks":220,"minecraft:shield":10,"butchersdelight:hook":1,"minecraft:stone":31,"minecraft:iron_sword":663,"minecraft:rotten_flesh":7,"minecraft:torch":37,"minecraft:dirt":17,"minecraft:jungle_planks":2,"doggytalents:sussy_sickle":82,"minecraft:iron_axe":206,"minecraft:lantern":1,"minecraft:smooth_quartz":16,"minecraft:bow":1,"minecraft:furnace":4,"minecraft:gray_bed":3,"minecraft:cooked_beef":1,"minecraft:acacia_planks":122,"minecraft:calcite":2,"minecraft:dark_oak_stairs":1,"minecraft:diorite":1,"minecraft:dark_oak_sign":4,"minecraft:oak_planks":3,"minecraft:spruce_sign":1,"minecraft:stripped_mangrove_wood":2,"minecraft:crafting_table":10,"minecraft:mushroom_stew":1,"minecraft:chiseled_quartz_block":17,"minecraft:gray_concrete":1,"waystones:waystone":2,"minecraft:dark_prismarine":4,"minecraft:apple":1,"minecraft:acacia_door":3,"minecraft:light_gray_concrete":44,"minecraft:bread":33,"minecraft:iron_pickaxe":218,"minecraft:stone_axe":137,"minecraft:dark_oak_fence":5,"minecraft:pumpkin_pie":1,"alexsmobs:animal_dictionary":5,"butchersdelight:rack":1}},"DataVersion":3465}