{"stats":{"minecraft:killed":{"minecraft:creeper":1,"minecraft:sheep":2,"minecraft:skeleton":5,"minecraft:zombie":9},"minecraft:killed_by":{"minecraft:player":1},"minecraft:dropped":{"minecraft:iron_ingot":2,"minecraft:moss_carpet":16,"minecraft:moss_block":33,"minecraft:iron_nugget":3,"alexsmobs:animal_dictionary":1,"weaponmaster:tutorialbook":1,"minecraft:cobblestone":7,"minecraft:rotten_flesh":9,"minecraft:clay_ball":4,"minecraft:stick":1,"minecraft:snowball":67,"minecraft:azalea":3,"gravestone:obituary":1,"minecraft:flowering_azalea":6,"minecraft:wooden_pickaxe":1},"minecraft:broken":{"minecraft:wooden_axe":1},"minecraft:mined":{"minecraft:spruce_planks":10,"iceandfire:silver_ore":1,"minecraft:dark_oak_log":3,"minecraft:powder_snow":130,"minecraft:clay":1,"minecraft:crafting_table":4,"minecraft:torch":1,"butchersdelight:deadsheepblock":2,"gravestone:gravestone":1,"minecraft:tall_grass":1,"minecraft:cobblestone":4,"minecraft:spruce_leaves":1,"minecraft:wall_torch":9,"minecraft:large_fern":3,"minecraft:iron_ore":75,"minecraft:spruce_log":81,"minecraft:grass":1,"minecraft:coal_ore":90,"minecraft:gravel":1,"minecraft:dirt":1,"minecraft:stone":280,"minecraft:fern":3},"minecraft:custom":{"minecraft:interact_with_furnace":55,"minecraft:mob_kills":17,"minecraft:interact_with_crafting_table":22,"minecraft:leave_game":1,"minecraft:time_since_death":82570,"minecraft:climb_one_cm":743,"minecraft:time_since_rest":82596,"minecraft:waystone_activated":1,"minecraft:sprint_one_cm":186274,"minecraft:damage_taken":1324,"minecraft:walk_one_cm":203945,"minecraft:drop":29,"minecraft:damage_dealt":3473,"minecraft:swim_one_cm":723,"minecraft:fly_one_cm":425867,"minecraft:player_kills":1,"minecraft:open_chest":22,"minecraft:crouch_one_cm":1402,"minecraft:play_time":103586,"minecraft:deaths":1,"minecraft:sneak_time":488,"minecraft:walk_under_water_one_cm":3904,"minecraft:jump":2051,"minecraft:walk_on_water_one_cm":8787,"minecraft:total_world_time":103586,"minecraft:fall_one_cm":46043},"minecraft:picked_up":{"minecraft:crafting_table":4,"minecraft:clay_ball":4,"doggytalents:rice_grains":1,"butchersdelight:deadpig":3,"minecraft:gunpowder":1,"minecraft:dirt":8,"minecraft:moss_carpet":16,"butchersdelight:deadchiken":1,"minecraft:bone":30,"butchersdelight:cleaver":1,"butchersdelight:dead_cow":1,"minecraft:bow":2,"minecraft:spruce_planks":9,"minecraft:iron_ingot":1,"minecraft:beef":11,"weaponmaster:tutorialbook":1,"minecraft:azalea":3,"minecraft:moss_block":33,"minecraft:flowering_azalea":6,"minecraft:stick":5,"minecraft:raw_iron":75,"minecraft:sweet_berries":8,"minecraft:torch":10,"butchersdelight:skullcow":2,"minecraft:gravel":1,"butchersdelight:cow_hide":1,"minecraft:spruce_sapling":15,"minecraft:spruce_log":71,"alexsmobs:animal_dictionary":1,"minecraft:dark_oak_log":3,"butchersdelight:sheephide":3,"minecraft:arrow":12,"butchersdelight:deadsheep":6,"minecraft:rotten_flesh":11,"sophisticatedbackpacks:copper_backpack":1,"minecraft:glow_berries":1,"minecraft:mutton":12,"minecraft:snowball":131,"minecraft:coal":83,"minecraft:white_wool":3,"minecraft:cobblestone":247},"minecraft:crafted":{"minecraft:cooked_beef":4,"vanillaplustools:stone_hammer":1,"butchersdelight:hook":1,"minecraft:crafting_table":2,"minecraft:iron_nugget":9,"minecraft:spruce_planks":252,"minecraft:iron_helmet":1,"minecraft:wooden_pickaxe":1,"minecraft:iron_sword":1,"minecraft:spruce_door":3,"minecraft:furnace":3,"butchersdelight:cleaver":1,"minecraft:stone_axe":1,"minecraft:cooked_mutton":11,"minecraft:air":0,"minecraft:iron_boots":1,"minecraft:iron_chestplate":1,"minecraft:charcoal":8,"minecraft:stick":72,"minecraft:iron_ingot":75,"minecraft:stone_pickaxe":9,"minecraft:wooden_axe":1,"minecraft:stone_sword":1,"minecraft:chest":6,"minecraft:iron_leggings":1,"minecraft:dark_oak_planks":12,"minecraft:torch":2},"minecraft:used":{"minecraft:cooked_mutton":11,"minecraft:stone_sword":98,"minecraft:spruce_door":2,"minecraft:stone_pickaxe":36,"minecraft:chest":6,"minecraft:spruce_planks":143,"minecraft:wooden_pickaxe":4,"butchersdelight:hook":1,"vanillaplustools:stone_hammer":91,"minecraft:rotten_flesh":2,"minecraft:torch":9,"minecraft:dirt":2,"minecraft:crafting_table":5,"minecraft:snowball":16,"minecraft:wooden_axe":64,"butchersdelight:cleaver":5,"minecraft:bread":5,"minecraft:spruce_sapling":1,"minecraft:gravel":1,"minecraft:stone_axe":32,"minecraft:cobblestone":52,"minecraft:sweet_berries":8,"minecraft:furnace":3,"minecraft:cooked_beef":4}},"DataVersion":3465}