{"stats":{"minecraft:killed":{"minecraft:spider":1,"minecraft:sheep":2,"minecraft:skeleton":1,"minecraft:zombie":1,"alexsmobs:fly":1,"alexsmobs:crow":1},"minecraft:killed_by":{"minecraft:skeleton":1},"minecraft:dropped":{"minecraft:sweet_berries":1,"butchersdelight:dead_cow":2,"weaponmaster:tutorialbook":2,"butchersdelight:deadsheep":1,"minecraft:stick":1,"minecraft:big_dripleaf":4,"minecraft:dirt":2,"minecraft:dark_oak_log":2,"minecraft:wooden_axe":1,"gravestone:obituary":6,"minecraft:spruce_log":1,"minecraft:dark_oak_planks":1,"minecraft:spruce_sapling":3,"iceandfire:dragonbone":3},"minecraft:broken":{"minecraft:wooden_axe":3},"minecraft:mined":{"minecraft:spruce_planks":23,"minecraft:brown_mushroom":1,"minecraft:soul_lantern":2,"minecraft:dark_oak_log":8,"minecraft:spruce_door":1,"minecraft:powder_snow":26,"minecraft:crafting_table":5,"butchersdelight:deadsheepblock":3,"gravestone:gravestone":4,"minecraft:grass_block":31,"minecraft:spruce_leaves":14,"minecraft:moss_block":1,"minecraft:big_dripleaf":2,"minecraft:spawner":1,"minecraft:large_fern":2,"minecraft:sweet_berry_bush":18,"minecraft:blue_ice":1,"minecraft:spruce_log":251,"minecraft:coal_ore":3,"minecraft:gravel":1,"minecraft:dirt":9,"minecraft:packed_ice":3,"minecraft:stone":17,"minecraft:spruce_slab":1,"minecraft:fern":4},"minecraft:custom":{"minecraft:mob_kills":7,"minecraft:interact_with_crafting_table":9,"minecraft:leave_game":2,"minecraft:time_since_death":81699,"minecraft:time_since_rest":81723,"minecraft:sprint_one_cm":267366,"minecraft:damage_taken":1680,"minecraft:walk_one_cm":315806,"minecraft:drop":28,"minecraft:damage_dealt":1196,"minecraft:swim_one_cm":106,"minecraft:fly_one_cm":256276,"minecraft:crouch_one_cm":3900,"minecraft:play_time":135912,"minecraft:deaths":4,"minecraft:sneak_time":873,"minecraft:walk_under_water_one_cm":4017,"minecraft:boat_one_cm":70380,"minecraft:jump":1731,"minecraft:walk_on_water_one_cm":5301,"minecraft:total_world_time":135912,"minecraft:fall_one_cm":41694},"minecraft:picked_up":{"minecraft:wooden_axe":1,"minecraft:crafting_table":4,"minecraft:brown_mushroom":1,"gravestone:obituary":3,"minecraft:dirt":41,"minecraft:string":1,"minecraft:lantern":1,"butchersdelight:deadchiken":1,"minecraft:bone":1,"butchersdelight:dead_cow":4,"minecraft:spruce_planks":22,"weaponmaster:tutorialbook":2,"minecraft:spruce_slab":2,"iceandfire:dragonbone":17,"minecraft:stick":7,"minecraft:sweet_berries":67,"minecraft:big_dripleaf":4,"minecraft:gravel":1,"minecraft:spruce_sapling":28,"minecraft:spruce_log":231,"minecraft:dark_oak_log":10,"minecraft:spruce_door":1,"minecraft:dark_oak_planks":1,"iceandfire:dragon_skull_ice":1,"butchersdelight:deadsheep":5,"minecraft:soul_lantern":2,"minecraft:spruce_boat":10,"minecraft:bread":27,"minecraft:black_wool":1,"minecraft:coal":3,"minecraft:white_wool":1,"minecraft:cobblestone":17},"minecraft:crafted":{"minecraft:wooden_sword":1,"minecraft:crafting_table":4,"minecraft:spruce_planks":664,"minecraft:wooden_pickaxe":1,"minecraft:spruce_door":3,"minecraft:stick":12,"minecraft:wooden_axe":6,"minecraft:stone_sword":1,"minecraft:spruce_boat":2,"minecraft:dark_oak_planks":32},"minecraft:used":{"minecraft:stone_sword":7,"minecraft:spruce_door":3,"iceandfire:dragon_skull_ice":1,"minecraft:spruce_planks":285,"minecraft:wooden_pickaxe":29,"minecraft:brown_mushroom":1,"minecraft:dirt":7,"minecraft:crafting_table":7,"minecraft:spruce_boat":11,"minecraft:dark_oak_planks":10,"minecraft:wooden_axe":311,"minecraft:lantern":1,"minecraft:bread":10,"minecraft:gravel":1,"minecraft:soul_lantern":2,"minecraft:wooden_sword":35,"minecraft:cobblestone":4,"minecraft:sweet_berries":59}},"DataVersion":3465}