{"stats":{"minecraft:killed":{"minecraft:evoker":1,"minecraft:vindicator":3,"minecraft:spider":1,"minecraft:skeleton":5,"minecraft:zombie":9,"minecraft:enderman":1},"minecraft:killed_by":{"minecraft:skeleton":3,"minecraft:zombie":1,"minecraft:vex":1},"minecraft:dropped":{"minecraft:wheat_seeds":5,"minecraft:black_carpet":1,"minecraft:dark_oak_sapling":2,"butchersdelight:cleaver":1,"minecraft:white_carpet":1,"minecraft:red_carpet":10,"minecraft:filled_map":1,"minecraft:snowball":32,"gravestone:obituary":14,"sophisticatedbackpacks:copper_backpack":1,"minecraft:bow":1,"minecraft:wooden_pickaxe":1,"minecraft:bone":18},"minecraft:mined":{"minecraft:dark_oak_planks":4,"minecraft:light_gray_carpet":1,"minecraft:spruce_planks":5,"minecraft:glass_pane":14,"iceandfire:silver_ore":3,"minecraft:dark_oak_log":69,"minecraft:powder_snow":12,"minecraft:crafting_table":3,"minecraft:cave_vines_plant":3,"gravestone:gravestone":7,"minecraft:grass_block":5,"minecraft:light_gray_bed":4,"minecraft:tall_grass":1,"minecraft:moss_block":2,"minecraft:large_fern":3,"minecraft:birch_planks":1,"minecraft:furnace":1,"butchersdelight:deadcowblock":1,"minecraft:sweet_berry_bush":31,"minecraft:spruce_log":6,"minecraft:light_gray_wool":3,"minecraft:black_carpet":1,"minecraft:bookshelf":8,"minecraft:coal_ore":20,"minecraft:cave_vines":8,"minecraft:dirt":30,"minecraft:packed_ice":5,"minecraft:potted_white_tulip":1,"minecraft:stone":34,"minecraft:fern":6},"minecraft:custom":{"minecraft:interact_with_furnace":7,"minecraft:mob_kills":21,"minecraft:interact_with_crafting_table":11,"minecraft:damage_dealt_resisted":45,"minecraft:leave_game":2,"minecraft:time_since_death":8331,"minecraft:sleep_in_bed":3,"minecraft:climb_one_cm":2366,"minecraft:time_since_rest":8350,"minecraft:waystone_activated":1,"minecraft:sprint_one_cm":226417,"minecraft:damage_taken":2722,"minecraft:walk_one_cm":92406,"minecraft:drop":33,"minecraft:damage_dealt":4760,"minecraft:damage_dealt_absorbed":79,"minecraft:swim_one_cm":31609,"minecraft:fly_one_cm":539831,"minecraft:open_chest":5,"minecraft:crouch_one_cm":5141,"minecraft:play_time":49848,"minecraft:deaths":7,"minecraft:sneak_time":2499,"minecraft:walk_under_water_one_cm":1823,"minecraft:jump":2221,"minecraft:walk_on_water_one_cm":6804,"minecraft:total_world_time":49848,"minecraft:fall_one_cm":70595},"minecraft:picked_up":{"minecraft:crafting_table":3,"minecraft:black_carpet":1,"minecraft:birch_planks":1,"gravestone:obituary":7,"minecraft:dirt":25,"minecraft:string":2,"minecraft:iron_axe":1,"minecraft:white_carpet":1,"minecraft:red_carpet":10,"minecraft:bone":4,"butchersdelight:dead_cow":2,"minecraft:wheat_seeds":5,"minecraft:spruce_planks":5,"minecraft:iron_ingot":1,"minecraft:light_gray_wool":3,"minecraft:moss_block":2,"minecraft:book":24,"minecraft:furnace":1,"minecraft:dark_oak_sapling":2,"minecraft:stick":2,"minecraft:sweet_berries":61,"butchersdelight:cow_hide":2,"sophisticatedbackpacks:backpack":1,"minecraft:spruce_log":10,"minecraft:dark_oak_log":51,"minecraft:spider_eye":1,"minecraft:dark_oak_planks":4,"minecraft:arrow":2,"minecraft:light_gray_bed":4,"minecraft:rotten_flesh":10,"minecraft:emerald":4,"minecraft:totem_of_undying":1,"sophisticatedbackpacks:copper_backpack":1,"minecraft:light_gray_carpet":1,"butchersdelight:hook":1,"minecraft:snowball":32,"minecraft:glow_berries":10,"minecraft:coal":37,"iceandfire:raw_silver":3,"minecraft:cobblestone":33},"minecraft:crafted":{"iceandfire:silver_ingot":3,"butchersdelight:hook":1,"minecraft:iron_nugget":9,"minecraft:crafting_table":1,"minecraft:spruce_planks":32,"minecraft:wooden_pickaxe":1,"minecraft:furnace":1,"butchersdelight:cleaver":1,"minecraft:stone_axe":1,"minecraft:cooked_mutton":1,"minecraft:air":0,"minecraft:light_gray_bed":1,"minecraft:stick":12,"minecraft:stone_pickaxe":1,"minecraft:dark_oak_planks":204,"minecraft:torch":8,"iceandfire:silver_pickaxe":1},"minecraft:used":{"minecraft:moss_block":2,"minecraft:cooked_mutton":1,"minecraft:stone_pickaxe":53,"minecraft:light_gray_carpet":1,"minecraft:spruce_planks":21,"minecraft:wooden_pickaxe":4,"butchersdelight:hook":2,"minecraft:iron_sword":107,"minecraft:torch":3,"minecraft:glow_berries":12,"minecraft:dirt":10,"minecraft:crafting_table":4,"minecraft:spruce_log":2,"iceandfire:silver_pickaxe":8,"minecraft:dark_oak_planks":88,"minecraft:apple":2,"minecraft:bread":8,"minecraft:stone_axe":94,"minecraft:sweet_berries":59,"minecraft:furnace":1,"minecraft:light_gray_bed":5}},"DataVersion":3465}