{
  "minecraft:recipes/redstone/lever": {
    "criteria": {
      "has_cobblestone": "2024-06-09 22:52:03 +0000"
    },
    "done": true
  },
  "farmersdelight:recipes/cooking/dog_food": {
    "criteria": {
      "has_any_ingredient": "2024-06-09 22:40:43 +0000"
    },
    "done": true
  },
  "minecraft:recipes/redstone/acacia_button": {
    "criteria": {
      "has_planks": "2024-06-09 22:31:19 +0000"
    },
    "done": true
  },
  "minecraft:recipes/building_blocks/stone_bricks": {
    "criteria": {
      "has_stone": "2024-06-09 22:44:25 +0000"
    },
    "done": true
  },
  "cfm:recipes/decorations/oak_kitchen_counter": {
    "criteria": {
      "has_planks": "2024-06-09 22:32:08 +0000"
    },
    "done": true
  },
  "cfm:recipes/decorations/stripped_dark_oak_park_bench": {
    "criteria": {
      "has_log": "2024-06-10 01:22:12 +0000"
    },
    "done": true
  },
  "farmersdelight:recipes/food/nether_salad": {
    "criteria": {
      "has_bowl": "2024-06-10 00:19:57 +0000"
    },
    "done": true
  },
  "cfm:recipes/decorations/jungle_cabinet": {
    "criteria": {
      "has_planks": "2024-06-09 22:32:33 +0000"
    },
    "done": true
  },
  "minecraft:recipes/decorations/ladder": {
    "criteria": {
      "has_stick": "2024-06-09 22:28:15 +0000"
    },
    "done": true
  },
  "farmersdelight:recipes/misc/iron_nugget_from_blasting_knife": {
    "criteria": {
      "has_iron_knife": "2024-06-10 00:51:51 +0000"
    },
    "done": true
  },
  "cfm:recipes/decorations/acacia_cabinet": {
    "criteria": {
      "has_planks": "2024-06-09 22:31:19 +0000"
    },
    "done": true
  },
  "cfm:recipes/decorations/stripped_dark_oak_kitchen_counter": {
    "criteria": {
      "has_log": "2024-06-10 01:22:12 +0000"
    },
    "done": true
  },
  "minecraft:recipes/building_blocks/smooth_quartz_slab_from_smooth_quartz_stonecutting": {
    "criteria": {
      "has_smooth_quartz": "2024-06-09 22:41:06 +0000"
    },
    "done": true
  },
  "cfm:recipes/decorations/orange_cooler": {
    "criteria": {
      "has_chest": "2024-06-10 01:01:29 +0000"
    },
    "done": true
  },
  "minecraft:recipes/combat/iron_leggings": {
    "criteria": {
      "has_iron_ingot": "2024-06-09 22:27:32 +0000"
    },
    "done": true
  },
  "cfm:recipes/decorations/acacia_chair": {
    "criteria": {
      "has_planks": "2024-06-09 22:31:19 +0000"
    },
    "done": true
  },
  "minecraft:recipes/decorations/gray_bed": {
    "criteria": {
      "has_gray_wool": "2024-06-09 23:32:15 +0000"
    },
    "done": true
  },
  "cfm:recipes/decorations/stripped_dark_oak_kitchen_sink_dark": {
    "criteria": {
      "has_top": "2024-06-09 22:59:09 +0000"
    },
    "done": true
  },
  "minecraft:recipes/building_blocks/mangrove_planks": {
    "criteria": {
      "has_logs": "2024-06-09 23:47:19 +0000"
    },
    "done": true
  },
  "iceandfire:recipes/misc/dragon_meal": {
    "criteria": {
      "has_item": "2024-06-10 00:52:11 +0000"
    },
    "done": true
  },
  "cfm:recipes/decorations/stripped_jungle_kitchen_drawer": {
    "criteria": {
      "has_chest": "2024-06-10 01:01:29 +0000"
    },
    "done": true
  },
  "minecraft:story/obtain_armor": {
    "criteria": {
      "iron_chestplate": "2024-06-09 22:31:04 +0000"
    },
    "done": true
  },
  "cfm:recipes/decorations/dark_oak_desk_cabinet": {
    "criteria": {
      "has_planks": "2024-06-09 23:58:16 +0000"
    },
    "done": true
  },
  "minecraft:recipes/building_blocks/smooth_quartz_slab": {
    "criteria": {
      "has_smooth_quartz": "2024-06-09 22:41:06 +0000"
    },
    "done": true
  },
  "cfm:recipes/decorations/oak_coffee_table": {
    "criteria": {
      "has_planks": "2024-06-09 22:32:08 +0000"
    },
    "done": true
  },
  "cfm:recipes/decorations/yellow_kitchen_drawer": {
    "criteria": {
      "has_chest": "2024-06-10 01:01:29 +0000"
    },
    "done": true
  },
  "minecraft:recipes/redstone/dark_oak_fence_gate": {
    "criteria": {
      "has_planks": "2024-06-09 23:58:16 +0000"
    },
    "done": true
  },
  "minecraft:recipes/misc/iron_nugget_from_smelting": {
    "criteria": {
      "has_iron_pickaxe": "2024-06-09 22:27:34 +0000"
    },
    "done": true
  },
  "cfm:recipes/decorations/jungle_chair": {
    "criteria": {
      "has_planks": "2024-06-09 22:32:33 +0000"
    },
    "done": true
  },
  "minecraft:recipes/redstone/acacia_pressure_plate": {
    "criteria": {
      "has_planks": "2024-06-09 22:31:19 +0000"
    },
    "done": true
  },
  "cfm:recipes/decorations/dark_oak_blinds": {
    "criteria": {
      "has_log": "2024-06-10 01:22:12 +0000"
    },
    "done": true
  },
  "minecraft:recipes/building_blocks/quartz_slab": {
    "criteria": {
      "has_chiseled_quartz_block": "2024-06-09 22:43:39 +0000"
    },
    "done": true
  },
  "doggytalents:recipes/tools/shrinking_mallet": {
    "criteria": {
      "has_gold_ingot": "2024-06-09 22:27:33 +0000"
    },
    "done": true
  },
  "cfm:recipes/decorations/acacia_kitchen_sink_dark": {
    "criteria": {
      "has_bottom": "2024-06-09 22:31:19 +0000"
    },
    "done": true
  },
  "minecraft:story/deflect_arrow": {
    "criteria": {
      "deflected_projectile": "2024-06-09 22:33:40 +0000"
    },
    "done": true
  },
  "cfm:recipes/decorations/stripped_spruce_kitchen_counter": {
    "criteria": {
      "has_log": "2024-06-10 00:34:55 +0000"
    },
    "done": true
  },
  "cfm:recipes/decorations/stripped_crimson_kitchen_sink_dark": {
    "criteria": {
      "has_top": "2024-06-09 22:59:09 +0000"
    },
    "done": true
  },
  "minecraft:recipes/tools/golden_axe": {
    "criteria": {
      "has_gold_ingot": "2024-06-09 22:27:33 +0000"
    },
    "done": true
  },
  "cfm:recipes/decorations/brown_kitchen_drawer": {
    "criteria": {
      "has_chest": "2024-06-10 01:01:29 +0000"
    },
    "done": true
  },
  "minecraft:story/iron_tools": {
    "criteria": {
      "iron_pickaxe": "2024-06-09 22:27:34 +0000"
    },
    "done": true
  },
  "cfm:recipes/decorations/spruce_coffee_table": {
    "criteria": {
      "has_planks": "2024-06-09 22:25:13 +0000"
    },
    "done": true
  },
  "minecraft:recipes/combat/iron_chestplate": {
    "criteria": {
      "has_iron_ingot": "2024-06-09 22:27:32 +0000"
    },
    "done": true
  },
  "minecraft:recipes/redstone/dark_oak_trapdoor": {
    "criteria": {
      "has_planks": "2024-06-09 23:58:16 +0000"
    },
    "done": true
  },
  "minecraft:recipes/decorations/oak_sign": {
    "criteria": {
      "has_planks": "2024-06-09 22:32:08 +0000"
    },
    "done": true
  },
  "minecraft:recipes/redstone/oak_trapdoor": {
    "criteria": {
      "has_planks": "2024-06-09 22:32:08 +0000"
    },
    "done": true
  },
  "minecraft:recipes/tools/golden_pickaxe": {
    "criteria": {
      "has_gold_ingot": "2024-06-09 22:27:33 +0000"
    },
    "done": true
  },
  "cfm:recipes/decorations/jungle_coffee_table": {
    "criteria": {
      "has_planks": "2024-06-09 22:32:33 +0000"
    },
    "done": true
  },
  "cfm:recipes/decorations/jungle_kitchen_sink_dark": {
    "criteria": {
      "has_bottom": "2024-06-09 22:32:33 +0000"
    },
    "done": true
  },
  "cfm:recipes/decorations/birch_kitchen_drawer": {
    "criteria": {
      "has_chest": "2024-06-10 01:01:29 +0000"
    },
    "done": true
  },
  "cfm:recipes/decorations/spruce_chair": {
    "criteria": {
      "has_planks": "2024-06-09 22:25:13 +0000"
    },
    "done": true
  },
  "minecraft:recipes/combat/stone_sword": {
    "criteria": {
      "has_cobblestone": "2024-06-09 22:52:03 +0000"
    },
    "done": true
  },
  "minecraft:recipes/decorations/cobblestone_wall": {
    "criteria": {
      "has_cobblestone": "2024-06-09 22:52:03 +0000"
    },
    "done": true
  },
  "minecraft:recipes/building_blocks/polished_diorite": {
    "criteria": {
      "has_diorite": "2024-06-10 00:04:48 +0000"
    },
    "done": true
  },
  "minecraft:recipes/tools/stone_axe": {
    "criteria": {
      "has_cobblestone": "2024-06-09 22:52:03 +0000"
    },
    "done": true
  },
  "cfm:recipes/decorations/stripped_warped_kitchen_sink_dark": {
    "criteria": {
      "has_top": "2024-06-09 22:59:09 +0000"
    },
    "done": true
  },
  "farmersdelight:recipes/food/wheat_dough_from_eggs": {
    "criteria": {
      "has_wheat": "2024-06-10 01:12:17 +0000"
    },
    "done": true
  },
  "cfm:recipes/decorations/blue_grill": {
    "criteria": {
      "has_iron": "2024-06-09 22:27:32 +0000"
    },
    "done": true
  },
  "cfm:recipes/decorations/stripped_birch_kitchen_sink_dark": {
    "criteria": {
      "has_top": "2024-06-09 22:59:09 +0000"
    },
    "done": true
  },
  "doggytalents:recipes/decorations/superdog_suit": {
    "criteria": {
      "has_iron_ingot": "2024-06-09 22:27:32 +0000"
    },
    "done": true
  },
  "cfm:recipes/decorations/light_blue_grill": {
    "criteria": {
      "has_iron": "2024-06-09 22:27:32 +0000"
    },
    "done": true
  },
  "minecraft:recipes/misc/iron_nugget": {
    "criteria": {
      "has_iron_ingot": "2024-06-09 22:27:32 +0000"
    },
    "done": true
  },
  "cfm:recipes/decorations/brown_grill": {
    "criteria": {
      "has_iron": "2024-06-09 22:27:32 +0000"
    },
    "done": true
  },
  "cfm:recipes/decorations/oak_bedside_cabinet": {
    "criteria": {
      "has_planks": "2024-06-09 22:32:08 +0000"
    },
    "done": true
  },
  "farmersdelight:recipes/combat/flint_knife": {
    "criteria": {
      "has_stick": "2024-06-09 22:28:15 +0000"
    },
    "done": true
  },
  "doggytalents:recipes/combat/sussy_sickle": {
    "criteria": {
      "has_iron_ingot": "2024-06-09 22:27:32 +0000"
    },
    "done": true
  },
  "cfm:recipes/decorations/light_gray_grill": {
    "criteria": {
      "has_iron": "2024-06-09 22:27:32 +0000"
    },
    "done": true
  },
  "minecraft:recipes/misc/gold_nugget": {
    "criteria": {
      "has_gold_ingot": "2024-06-09 22:27:33 +0000"
    },
    "done": true
  },
  "cfm:recipes/decorations/green_grill": {
    "criteria": {
      "has_iron": "2024-06-09 22:27:32 +0000"
    },
    "done": true
  },
  "minecraft:recipes/misc/bucket": {
    "criteria": {
      "has_iron_ingot": "2024-06-09 22:27:32 +0000"
    },
    "done": true
  },
  "minecraft:recipes/building_blocks/diorite_slab": {
    "criteria": {
      "has_diorite": "2024-06-10 00:04:48 +0000"
    },
    "done": true
  },
  "doggytalents:recipes/tools/radio_collar": {
    "criteria": {
      "has_redstone": "2024-06-09 23:10:15 +0000"
    },
    "done": true
  },
  "iceandfire:recipes/misc/blindfold": {
    "criteria": {
      "has_item": "2024-06-10 00:53:01 +0000"
    },
    "done": true
  },
  "cfm:recipes/decorations/stripped_dark_oak_bedside_cabinet": {
    "criteria": {
      "has_planks": "2024-06-10 01:22:12 +0000"
    },
    "done": true
  },
  "doggytalents:recipes/decorations/pianist_suit": {
    "criteria": {
      "has_string": "2024-06-09 22:52:43 +0000"
    },
    "done": true
  },
  "minecraft:recipes/combat/iron_helmet": {
    "criteria": {
      "has_iron_ingot": "2024-06-09 22:27:32 +0000"
    },
    "done": true
  },
  "minecraft:recipes/tools/golden_shovel": {
    "criteria": {
      "has_gold_ingot": "2024-06-09 22:27:33 +0000"
    },
    "done": true
  },
  "minecraft:recipes/combat/bow": {
    "criteria": {
      "has_string": "2024-06-09 22:52:43 +0000"
    },
    "done": true
  },
  "minecraft:recipes/building_blocks/acacia_slab": {
    "criteria": {
      "has_planks": "2024-06-09 22:31:19 +0000"
    },
    "done": true
  },
  "doggytalents:recipes/decorations/bowtie": {
    "criteria": {
      "has_string": "2024-06-09 22:52:43 +0000"
    },
    "done": true
  },
  "minecraft:story/mine_stone": {
    "criteria": {
      "get_stone": "2024-06-09 22:52:03 +0000"
    },
    "done": true
  },
  "minecraft:recipes/decorations/furnace": {
    "criteria": {
      "has_cobblestone": "2024-06-09 22:52:03 +0000"
    },
    "done": true
  },
  "minecraft:recipes/transportation/minecart": {
    "criteria": {
      "has_iron_ingot": "2024-06-09 22:27:32 +0000"
    },
    "done": true
  },
  "cfm:recipes/decorations/gray_picket_gate": {
    "criteria": {
      "has_concrete": "2024-06-09 22:59:09 +0000"
    },
    "done": true
  },
  "minecraft:recipes/tools/iron_hoe": {
    "criteria": {
      "has_iron_ingot": "2024-06-09 22:27:32 +0000"
    },
    "done": true
  },
  "minecraft:recipes/redstone/redstone_torch": {
    "criteria": {
      "has_redstone": "2024-06-09 23:10:15 +0000"
    },
    "done": true
  },
  "minecraft:recipes/food/golden_apple": {
    "criteria": {
      "has_gold_ingot": "2024-06-09 22:27:33 +0000"
    },
    "done": true
  },
  "cfm:recipes/decorations/dark_oak_mail_box": {
    "criteria": {
      "has_chest": "2024-06-10 01:01:29 +0000"
    },
    "done": true
  },
  "cfm:recipes/tools/spatula": {
    "criteria": {
      "has_iron": "2024-06-09 22:27:32 +0000"
    },
    "done": true
  },
  "cfm:recipes/decorations/spruce_kitchen_sink_light": {
    "criteria": {
      "has_bottom": "2024-06-09 22:25:13 +0000"
    },
    "done": true
  },
  "farmersdelight:recipes/misc/iron_nugget_from_smelting_knife": {
    "criteria": {
      "has_iron_knife": "2024-06-10 00:51:51 +0000"
    },
    "done": true
  },
  "cfm:recipes/decorations/gray_kitchen_drawer": {
    "criteria": {
      "has_chest": "2024-06-10 01:01:29 +0000"
    },
    "done": true
  },
  "minecraft:recipes/misc/bowl": {
    "criteria": {
      "has_mushroom_stew": "2024-06-10 00:10:49 +0000"
    },
    "done": true
  },
  "doggytalents:recipes/decorations/witch_hat": {
    "criteria": {
      "has_potion": "2024-06-09 23:57:04 +0000"
    },
    "done": true
  },
  "doggytalents:recipes/decorations/sunglasses": {
    "criteria": {
      "has_stick": "2024-06-09 22:28:15 +0000"
    },
    "done": true
  },
  "minecraft:recipes/tools/clock": {
    "criteria": {
      "has_redstone": "2024-06-09 23:10:15 +0000"
    },
    "done": true
  },
  "cfm:recipes/decorations/stripped_mangrove_kitchen_sink_dark": {
    "criteria": {
      "has_top": "2024-06-09 22:59:09 +0000"
    },
    "done": true
  },
  "cfm:recipes/decorations/pink_trampoline": {
    "criteria": {
      "has_iron": "2024-06-09 22:27:32 +0000"
    },
    "done": true
  },
  "alexsmobs:alexsmobs/root": {
    "criteria": {
      "useitem": "2024-06-10 00:05:13 +0000"
    },
    "done": true
  },
  "cfm:recipes/decorations/stripped_acacia_kitchen_drawer": {
    "criteria": {
      "has_chest": "2024-06-10 01:01:29 +0000"
    },
    "done": true
  },
  "minecraft:recipes/combat/golden_boots": {
    "criteria": {
      "has_gold_ingot": "2024-06-09 22:27:33 +0000"
    },
    "done": true
  },
  "minecraft:recipes/tools/wooden_axe": {
    "criteria": {
      "has_stick": "2024-06-09 22:28:15 +0000"
    },
    "done": true
  },
  "minecraft:recipes/decorations/spruce_sign": {
    "criteria": {
      "has_planks": "2024-06-09 22:25:13 +0000"
    },
    "done": true
  },
  "minecraft:recipes/building_blocks/stone_bricks_from_stone_stonecutting": {
    "criteria": {
      "has_stone": "2024-06-09 22:44:25 +0000"
    },
    "done": true
  },
  "cfm:recipes/decorations/dark_oak_upgraded_gate": {
    "criteria": {
      "has_log": "2024-06-10 01:22:12 +0000"
    },
    "done": true
  },
  "cfm:recipes/decorations/birch_mail_box": {
    "criteria": {
      "has_chest": "2024-06-10 01:01:29 +0000"
    },
    "done": true
  },
  "cfm:recipes/decorations/blue_cooler": {
    "criteria": {
      "has_chest": "2024-06-10 01:01:29 +0000"
    },
    "done": true
  },
  "minecraft:recipes/decorations/painting": {
    "criteria": {
      "has_wool": "2024-06-09 23:32:15 +0000"
    },
    "done": true
  },
  "minecraft:recipes/building_blocks/stone_slab": {
    "criteria": {
      "has_stone": "2024-06-09 22:44:25 +0000"
    },
    "done": true
  },
  "minecraft:recipes/combat/arrow": {
    "criteria": {
      "has_feather": "2024-06-09 23:41:01 +0000"
    },
    "done": true
  },
  "cfm:recipes/decorations/oak_mail_box": {
    "criteria": {
      "has_chest": "2024-06-10 01:01:29 +0000"
    },
    "done": true
  },
  "farmersdelight:recipes/decorations/dark_oak_cabinet": {
    "criteria": {
      "has_dark_oak_trapdoor": "2024-06-09 23:53:07 +0000"
    },
    "done": true
  },
  "cfm:recipes/decorations/stripped_dark_oak_crate": {
    "criteria": {
      "has_planks": "2024-06-10 01:22:12 +0000"
    },
    "done": true
  },
  "minecraft:recipes/combat/golden_helmet": {
    "criteria": {
      "has_gold_ingot": "2024-06-09 22:27:33 +0000"
    },
    "done": true
  },
  "doggytalents:recipes/tools/whistle": {
    "criteria": {
      "has_iron_ingot": "2024-06-09 22:27:32 +0000"
    },
    "done": true
  },
  "minecraft:recipes/redstone/acacia_trapdoor": {
    "criteria": {
      "has_planks": "2024-06-09 22:31:19 +0000"
    },
    "done": true
  },
  "minecraft:recipes/misc/coal": {
    "criteria": {
      "has_coal_block": "2024-06-09 22:44:33 +0000"
    },
    "done": true
  },
  "cfm:recipes/decorations/magenta_kitchen_drawer": {
    "criteria": {
      "has_chest": "2024-06-10 01:01:29 +0000"
    },
    "done": true
  },
  "cfm:recipes/decorations/diving_board": {
    "criteria": {
      "has_wheat": "2024-06-10 01:12:17 +0000"
    },
    "done": true
  },
  "minecraft:recipes/decorations/composter": {
    "criteria": {
      "has_wood_slab": "2024-06-09 22:43:42 +0000"
    },
    "done": true
  },
  "cfm:recipes/decorations/acacia_desk": {
    "criteria": {
      "has_planks": "2024-06-09 22:31:19 +0000"
    },
    "done": true
  },
  "minecraft:adventure/shoot_arrow": {
    "criteria": {
      "shot_arrow": "2024-06-09 23:36:21 +0000"
    },
    "done": true
  },
  "doggytalents:recipes/decorations/guard_suit": {
    "criteria": {
      "has_string": "2024-06-09 22:52:43 +0000"
    },
    "done": true
  },
  "minecraft:recipes/building_blocks/dark_prismarine_stairs": {
    "criteria": {
      "has_dark_prismarine": "2024-06-09 22:32:18 +0000"
    },
    "done": true
  },
  "cfm:recipes/decorations/spruce_blinds": {
    "criteria": {
      "has_log": "2024-06-10 00:34:55 +0000"
    },
    "done": true
  },
  "cfm:recipes/decorations/fridge_dark": {
    "criteria": {
      "has_iron": "2024-06-09 22:27:32 +0000"
    },
    "done": true
  },
  "doggytalents:recipes/decorations/giant_stick": {
    "criteria": {
      "has_stick": "2024-06-09 22:28:15 +0000"
    },
    "done": true
  },
  "cfm:recipes/decorations/oak_chair": {
    "criteria": {
      "has_planks": "2024-06-09 22:32:08 +0000"
    },
    "done": true
  },
  "cfm:recipes/decorations/dark_oak_park_bench": {
    "criteria": {
      "has_planks": "2024-06-09 23:58:16 +0000"
    },
    "done": true
  },
  "cfm:recipes/decorations/purple_grill": {
    "criteria": {
      "has_iron": "2024-06-09 22:27:32 +0000"
    },
    "done": true
  },
  "cfm:recipes/decorations/warped_kitchen_sink_dark": {
    "criteria": {
      "has_top": "2024-06-09 22:59:09 +0000"
    },
    "done": true
  },
  "minecraft:story/smelt_iron": {
    "criteria": {
      "iron": "2024-06-09 22:27:32 +0000"
    },
    "done": true
  },
  "doggytalents:recipes/decorations/smarty_glasses": {
    "criteria": {
      "has_redstone": "2024-06-09 23:10:15 +0000"
    },
    "done": true
  },
  "minecraft:recipes/tools/fishing_rod": {
    "criteria": {
      "has_string": "2024-06-09 22:52:43 +0000"
    },
    "done": true
  },
  "minecraft:recipes/decorations/smoker": {
    "criteria": {
      "has_furnace": "2024-06-09 22:34:47 +0000"
    },
    "done": true
  },
  "cfm:recipes/decorations/stripped_warped_mail_box": {
    "criteria": {
      "has_chest": "2024-06-10 01:01:29 +0000"
    },
    "done": true
  },
  "minecraft:recipes/decorations/crafting_table": {
    "criteria": {
      "unlock_right_away": "2024-06-09 22:22:50 +0000"
    },
    "done": true
  },
  "minecraft:recipes/decorations/chest": {
    "criteria": {
      "has_lots_of_items": "2024-06-09 22:27:51 +0000"
    },
    "done": true
  },
  "cfm:recipes/decorations/black_trampoline": {
    "criteria": {
      "has_iron": "2024-06-09 22:27:32 +0000"
    },
    "done": true
  },
  "minecraft:recipes/redstone/dark_oak_button": {
    "criteria": {
      "has_planks": "2024-06-09 23:58:16 +0000"
    },
    "done": true
  },
  "minecraft:recipes/tools/shears": {
    "criteria": {
      "has_iron_ingot": "2024-06-09 22:27:32 +0000"
    },
    "done": true
  },
  "minecraft:recipes/misc/stick": {
    "criteria": {
      "has_planks": "2024-06-09 22:25:13 +0000"
    },
    "done": true
  },
  "doggytalents:recipes/decorations/propeller_hat": {
    "criteria": {
      "has_iron_ingot": "2024-06-09 22:27:32 +0000"
    },
    "done": true
  },
  "cfm:recipes/decorations/stripped_spruce_crate": {
    "criteria": {
      "has_planks": "2024-06-10 00:34:55 +0000"
    },
    "done": true
  },
  "cfm:recipes/decorations/purple_cooler": {
    "criteria": {
      "has_chest": "2024-06-10 01:01:29 +0000"
    },
    "done": true
  },
  "cfm:recipes/decorations/dark_oak_kitchen_sink_dark": {
    "criteria": {
      "has_top": "2024-06-09 22:59:09 +0000"
    },
    "done": true
  },
  "cfm:recipes/decorations/stripped_jungle_kitchen_sink_dark": {
    "criteria": {
      "has_top": "2024-06-09 22:59:09 +0000"
    },
    "done": true
  },
  "doggytalents:recipes/tools/throw_bone": {
    "criteria": {
      "has_bone": "2024-06-09 22:28:48 +0000"
    },
    "done": true
  },
  "cfm:recipes/decorations/acacia_table": {
    "criteria": {
      "has_planks": "2024-06-09 22:31:19 +0000"
    },
    "done": true
  },
  "cfm:recipes/decorations/rock_path": {
    "criteria": {
      "has_stone": "2024-06-09 22:44:25 +0000"
    },
    "done": true
  },
  "minecraft:recipes/building_blocks/stone_stairs_from_stone_stonecutting": {
    "criteria": {
      "has_stone": "2024-06-09 22:44:25 +0000"
    },
    "done": true
  },
  "cfm:recipes/decorations/stripped_dark_oak_cabinet": {
    "criteria": {
      "has_log": "2024-06-10 01:22:12 +0000"
    },
    "done": true
  },
  "cfm:recipes/decorations/yellow_grill": {
    "criteria": {
      "has_iron": "2024-06-09 22:27:32 +0000"
    },
    "done": true
  },
  "minecraft:adventure/sleep_in_bed": {
    "criteria": {
      "slept_in_bed": "2024-06-10 00:31:03 +0000"
    },
    "done": true
  },
  "minecraft:recipes/building_blocks/cobblestone_slab_from_cobblestone_stonecutting": {
    "criteria": {
      "has_cobblestone": "2024-06-09 22:52:03 +0000"
    },
    "done": true
  },
  "cfm:recipes/decorations/black_cooler": {
    "criteria": {
      "has_chest": "2024-06-10 01:01:29 +0000"
    },
    "done": true
  },
  "minecraft:recipes/building_blocks/oak_stairs": {
    "criteria": {
      "has_planks": "2024-06-09 22:32:08 +0000"
    },
    "done": true
  },
  "minecraft:recipes/transportation/cherry_boat": {
    "criteria": {
      "in_water": "2024-06-09 23:38:09 +0000"
    },
    "done": true
  },
  "farmersdelight:recipes/food/wheat_dough_from_water": {
    "criteria": {
      "has_wheat": "2024-06-10 01:12:17 +0000"
    },
    "done": true
  },
  "cfm:recipes/decorations/stripped_spruce_mail_box": {
    "criteria": {
      "has_chest": "2024-06-10 01:01:29 +0000"
    },
    "done": true
  },
  "minecraft:adventure/kill_all_mobs": {
    "criteria": {
      "minecraft:skeleton": "2024-06-09 22:28:47 +0000",
      "minecraft:creeper": "2024-06-09 23:23:17 +0000",
      "minecraft:husk": "2024-06-09 23:46:48 +0000",
      "minecraft:stray": "2024-06-09 22:38:44 +0000",
      "minecraft:zombie": "2024-06-09 22:40:42 +0000"
    },
    "done": false
  },
  "cfm:recipes/decorations/oak_crate": {
    "criteria": {
      "has_planks": "2024-06-09 22:32:08 +0000"
    },
    "done": true
  },
  "cfm:recipes/decorations/oak_kitchen_sink_dark": {
    "criteria": {
      "has_bottom": "2024-06-09 22:32:08 +0000"
    },
    "done": true
  },
  "cfm:recipes/decorations/spruce_cabinet": {
    "criteria": {
      "has_planks": "2024-06-09 22:25:13 +0000"
    },
    "done": true
  },
  "cfm:recipes/decorations/oak_desk_cabinet": {
    "criteria": {
      "has_planks": "2024-06-09 22:32:08 +0000"
    },
    "done": true
  },
  "cfm:recipes/decorations/fridge_light": {
    "criteria": {
      "has_iron": "2024-06-09 22:27:32 +0000"
    },
    "done": true
  },
  "minecraft:recipes/decorations/chain": {
    "criteria": {
      "has_iron_ingot": "2024-06-09 22:27:32 +0000"
    },
    "done": true
  },
  "minecraft:recipes/decorations/oak_fence": {
    "criteria": {
      "has_planks": "2024-06-09 22:32:08 +0000"
    },
    "done": true
  },
  "minecraft:recipes/combat/golden_chestplate": {
    "criteria": {
      "has_gold_ingot": "2024-06-09 22:27:33 +0000"
    },
    "done": true
  },
  "minecraft:recipes/building_blocks/iron_block": {
    "criteria": {
      "has_iron_ingot": "2024-06-09 22:27:32 +0000"
    },
    "done": true
  },
  "doggytalents:recipes/decorations/locator_orb_rei": {
    "criteria": {
      "has_string": "2024-06-09 22:52:43 +0000"
    },
    "done": true
  },
  "cfm:recipes/decorations/spruce_desk": {
    "criteria": {
      "has_planks": "2024-06-09 22:25:13 +0000"
    },
    "done": true
  },
  "minecraft:recipes/building_blocks/spruce_wood": {
    "criteria": {
      "has_log": "2024-06-10 00:34:55 +0000"
    },
    "done": true
  },
  "mowziesmobs:root": {
    "criteria": {
      "custom_test_name": "2024-06-09 22:22:50 +0000"
    },
    "done": true
  },
  "cfm:recipes/decorations/cyan_kitchen_drawer": {
    "criteria": {
      "has_chest": "2024-06-10 01:01:29 +0000"
    },
    "done": true
  },
  "minecraft:recipes/decorations/gray_carpet": {
    "criteria": {
      "has_gray_wool": "2024-06-09 23:32:15 +0000"
    },
    "done": true
  },
  "doggytalents:recipes/decorations/lab_coat": {
    "criteria": {
      "has_wool": "2024-06-09 23:32:15 +0000"
    },
    "done": true
  },
  "minecraft:recipes/redstone/tripwire_hook": {
    "criteria": {
      "has_string": "2024-06-09 22:52:43 +0000"
    },
    "done": true
  },
  "minecraft:recipes/misc/bone_meal": {
    "criteria": {
      "has_bone": "2024-06-09 22:28:48 +0000"
    },
    "done": true
  },
  "cfm:recipes/decorations/dark_oak_coffee_table": {
    "criteria": {
      "has_planks": "2024-06-09 23:58:16 +0000"
    },
    "done": true
  },
  "doggytalents:recipes/tools/magnifying_bone": {
    "criteria": {
      "has_gold_ingot": "2024-06-09 22:27:33 +0000"
    },
    "done": true
  },
  "cfm:recipes/decorations/jungle_kitchen_sink_light": {
    "criteria": {
      "has_bottom": "2024-06-09 22:32:33 +0000"
    },
    "done": true
  },
  "minecraft:recipes/redstone/stone_button": {
    "criteria": {
      "has_stone": "2024-06-09 22:44:25 +0000"
    },
    "done": true
  },
  "farmersdelight:recipes/decorations/cooking_pot": {
    "criteria": {
      "has_iron_ingot": "2024-06-09 22:27:32 +0000"
    },
    "done": true
  },
  "minecraft:recipes/decorations/diorite_wall": {
    "criteria": {
      "has_diorite": "2024-06-10 00:04:48 +0000"
    },
    "done": true
  },
  "minecraft:recipes/building_blocks/stone": {
    "criteria": {
      "has_cobblestone": "2024-06-09 22:52:03 +0000"
    },
    "done": true
  },
  "iceandfire:recipes/misc/earplugs": {
    "criteria": {
      "has_item": "2024-06-09 22:25:13 +0000"
    },
    "done": true
  },
  "minecraft:recipes/decorations/stonecutter": {
    "criteria": {
      "has_stone": "2024-06-09 22:44:25 +0000"
    },
    "done": true
  },
  "minecraft:recipes/transportation/bamboo_raft": {
    "criteria": {
      "in_water": "2024-06-09 23:38:09 +0000"
    },
    "done": true
  },
  "minecraft:recipes/decorations/smithing_table": {
    "criteria": {
      "has_iron_ingot": "2024-06-09 22:27:32 +0000"
    },
    "done": true
  },
  "minecraft:recipes/redstone/stone_pressure_plate": {
    "criteria": {
      "has_stone": "2024-06-09 22:44:25 +0000"
    },
    "done": true
  },
  "doggytalents:recipes/decorations/wig": {
    "criteria": {
      "has_string": "2024-06-09 22:52:43 +0000"
    },
    "done": true
  },
  "cfm:recipes/decorations/stripped_mangrove_kitchen_drawer": {
    "criteria": {
      "has_chest": "2024-06-10 01:01:29 +0000"
    },
    "done": true
  },
  "cfm:recipes/decorations/stripped_spruce_park_bench": {
    "criteria": {
      "has_log": "2024-06-10 00:34:55 +0000"
    },
    "done": true
  },
  "minecraft:recipes/building_blocks/acacia_stairs": {
    "criteria": {
      "has_planks": "2024-06-09 22:31:19 +0000"
    },
    "done": true
  },
  "cfm:recipes/decorations/dark_oak_kitchen_sink_light": {
    "criteria": {
      "has_bottom": "2024-06-09 23:58:16 +0000"
    },
    "done": true
  },
  "minecraft:recipes/building_blocks/quartz_pillar": {
    "criteria": {
      "has_chiseled_quartz_block": "2024-06-09 22:43:39 +0000"
    },
    "done": true
  },
  "farmersdelight:recipes/combat/golden_knife": {
    "criteria": {
      "has_gold_ingot": "2024-06-09 22:27:33 +0000"
    },
    "done": true
  },
  "mca:recipes/misc/needle_and_thread": {
    "criteria": {
      "has_item": "2024-06-09 22:27:32 +0000"
    },
    "done": true
  },
  "minecraft:recipes/decorations/candle": {
    "criteria": {
      "has_string": "2024-06-09 22:52:43 +0000"
    },
    "done": true
  },
  "minecraft:recipes/food/bread": {
    "criteria": {
      "has_wheat": "2024-06-10 01:12:17 +0000"
    },
    "done": true
  },
  "minecraft:recipes/building_blocks/smooth_stone": {
    "criteria": {
      "has_stone": "2024-06-09 22:44:25 +0000"
    },
    "done": true
  },
  "cfm:recipes/decorations/blue_trampoline": {
    "criteria": {
      "has_iron": "2024-06-09 22:27:32 +0000"
    },
    "done": true
  },
  "minecraft:recipes/transportation/spruce_boat": {
    "criteria": {
      "in_water": "2024-06-09 23:38:09 +0000"
    },
    "done": true
  },
  "doggytalents:recipes/decorations/wool_collar_thicc": {
    "criteria": {
      "has_string": "2024-06-09 22:52:43 +0000"
    },
    "done": true
  },
  "cfm:recipes/decorations/acacia_kitchen_counter": {
    "criteria": {
      "has_planks": "2024-06-09 22:31:19 +0000"
    },
    "done": true
  },
  "cfm:recipes/decorations/stripped_oak_kitchen_drawer": {
    "criteria": {
      "has_chest": "2024-06-10 01:01:29 +0000"
    },
    "done": true
  },
  "cfm:recipes/decorations/stripped_dark_oak_chair": {
    "criteria": {
      "has_planks": "2024-06-10 01:22:12 +0000"
    },
    "done": true
  },
  "doggytalents:recipes/tools/canine_tracker": {
    "criteria": {
      "has_gold_ingot": "2024-06-09 22:27:33 +0000"
    },
    "done": true
  },
  "minecraft:recipes/redstone/jungle_button": {
    "criteria": {
      "has_planks": "2024-06-09 22:32:33 +0000"
    },
    "done": true
  },
  "minecraft:recipes/redstone/note_block": {
    "criteria": {
      "has_redstone": "2024-06-09 23:10:15 +0000"
    },
    "done": true
  },
  "minecraft:recipes/building_blocks/hay_block": {
    "criteria": {
      "has_wheat": "2024-06-10 01:12:17 +0000"
    },
    "done": true
  },
  "cfm:recipes/decorations/spruce_crate": {
    "criteria": {
      "has_planks": "2024-06-09 22:25:13 +0000"
    },
    "done": true
  },
  "cfm:recipes/decorations/dark_oak_kitchen_drawer": {
    "criteria": {
      "has_planks": "2024-06-09 23:58:16 +0000"
    },
    "done": true
  },
  "minecraft:recipes/redstone/target": {
    "criteria": {
      "has_redstone": "2024-06-09 23:10:15 +0000"
    },
    "done": true
  },
  "minecraft:husbandry/root": {
    "criteria": {
      "consumed_item": "2024-06-09 22:28:37 +0000"
    },
    "done": true
  },
  "farmersdelight:recipes/cooking/apple_cider": {
    "criteria": {
      "has_apple": "2024-06-09 22:27:38 +0000"
    },
    "done": true
  },
  "minecraft:recipes/transportation/birch_boat": {
    "criteria": {
      "in_water": "2024-06-09 23:38:09 +0000"
    },
    "done": true
  },
  "minecraft:recipes/redstone/acacia_door": {
    "criteria": {
      "has_planks": "2024-06-09 22:31:19 +0000"
    },
    "done": true
  },
  "cfm:recipes/decorations/acacia_kitchen_sink_light": {
    "criteria": {
      "has_bottom": "2024-06-09 22:31:19 +0000"
    },
    "done": true
  },
  "cfm:recipes/decorations/lime_trampoline": {
    "criteria": {
      "has_iron": "2024-06-09 22:27:32 +0000"
    },
    "done": true
  },
  "minecraft:recipes/decorations/spruce_fence": {
    "criteria": {
      "has_planks": "2024-06-09 22:25:13 +0000"
    },
    "done": true
  },
  "cfm:recipes/decorations/stripped_mangrove_mail_box": {
    "criteria": {
      "has_chest": "2024-06-10 01:01:29 +0000"
    },
    "done": true
  },
  "minecraft:recipes/building_blocks/dark_oak_stairs": {
    "criteria": {
      "has_planks": "2024-06-09 23:58:16 +0000"
    },
    "done": true
  },
  "farmersdelight:recipes/cooking/squid_ink_pasta": {
    "criteria": {
      "has_any_ingredient": "2024-06-10 00:19:38 +0000"
    },
    "done": true
  },
  "minecraft:recipes/building_blocks/dark_prismarine_slab": {
    "criteria": {
      "has_dark_prismarine": "2024-06-09 22:32:18 +0000"
    },
    "done": true
  },
  "cfm:recipes/decorations/jungle_kitchen_counter": {
    "criteria": {
      "has_planks": "2024-06-09 22:32:33 +0000"
    },
    "done": true
  },
  "minecraft:recipes/transportation/oak_boat": {
    "criteria": {
      "in_water": "2024-06-09 23:38:09 +0000"
    },
    "done": true
  },
  "farmersdelight:main/eat_comfort_food": {
    "criteria": {
      "comfort": "2024-06-10 00:19:57 +0000"
    },
    "done": true
  },
  "minecraft:recipes/building_blocks/polished_diorite_stairs_from_diorite_stonecutting": {
    "criteria": {
      "has_diorite": "2024-06-10 00:04:48 +0000"
    },
    "done": true
  },
  "cfm:recipes/decorations/stripped_oak_kitchen_sink_dark": {
    "criteria": {
      "has_top": "2024-06-09 22:59:09 +0000"
    },
    "done": true
  },
  "cfm:recipes/decorations/stripped_spruce_cabinet": {
    "criteria": {
      "has_log": "2024-06-10 00:34:55 +0000"
    },
    "done": true
  },
  "minecraft:recipes/redstone/acacia_fence_gate": {
    "criteria": {
      "has_planks": "2024-06-09 22:31:19 +0000"
    },
    "done": true
  },
  "minecraft:recipes/building_blocks/coal_block": {
    "criteria": {
      "has_coal": "2024-06-09 22:44:29 +0000"
    },
    "done": true
  },
  "minecraft:recipes/redstone/light_weighted_pressure_plate": {
    "criteria": {
      "has_gold_ingot": "2024-06-09 22:27:33 +0000"
    },
    "done": true
  },
  "cfm:recipes/decorations/stripped_jungle_mail_box": {
    "criteria": {
      "has_chest": "2024-06-10 01:01:29 +0000"
    },
    "done": true
  },
  "minecraft:recipes/building_blocks/spruce_slab": {
    "criteria": {
      "has_planks": "2024-06-09 22:25:13 +0000"
    },
    "done": true
  },
  "cataclysm:root": {
    "criteria": {
      "custom_test_name": "2024-06-09 22:22:50 +0000"
    },
    "done": true
  },
  "cfm:recipes/decorations/orange_kitchen_drawer": {
    "criteria": {
      "has_chest": "2024-06-10 01:01:29 +0000"
    },
    "done": true
  },
  "cfm:recipes/decorations/acacia_park_bench": {
    "criteria": {
      "has_planks": "2024-06-09 22:31:19 +0000"
    },
    "done": true
  },
  "doggytalents:recipes/decorations/locator_orb_shin": {
    "criteria": {
      "has_string": "2024-06-09 22:52:43 +0000"
    },
    "done": true
  },
  "mca:recipes/misc/whistle": {
    "criteria": {
      "has_item": "2024-06-09 22:27:32 +0000"
    },
    "done": true
  },
  "minecraft:recipes/redstone/repeater": {
    "criteria": {
      "has_redstone_torch": "2024-06-09 23:13:25 +0000"
    },
    "done": true
  },
  "minecraft:recipes/tools/compass": {
    "criteria": {
      "has_redstone": "2024-06-09 23:10:15 +0000"
    },
    "done": true
  },
  "minecraft:recipes/redstone/oak_button": {
    "criteria": {
      "has_planks": "2024-06-09 22:32:08 +0000"
    },
    "done": true
  },
  "cfm:recipes/decorations/pink_kitchen_drawer": {
    "criteria": {
      "has_chest": "2024-06-10 01:01:29 +0000"
    },
    "done": true
  },
  "minecraft:recipes/redstone/dark_oak_pressure_plate": {
    "criteria": {
      "has_planks": "2024-06-09 23:58:16 +0000"
    },
    "done": true
  },
  "minecraft:recipes/building_blocks/smooth_quartz_stairs_from_smooth_quartz_stonecutting": {
    "criteria": {
      "has_smooth_quartz": "2024-06-09 22:41:06 +0000"
    },
    "done": true
  },
  "cfm:recipes/decorations/light_gray_trampoline": {
    "criteria": {
      "has_iron": "2024-06-09 22:27:32 +0000"
    },
    "done": true
  },
  "cfm:recipes/decorations/stripped_dark_oak_coffee_table": {
    "criteria": {
      "has_planks": "2024-06-10 01:22:12 +0000"
    },
    "done": true
  },
  "cfm:recipes/decorations/spruce_upgraded_gate": {
    "criteria": {
      "has_log": "2024-06-10 00:34:55 +0000"
    },
    "done": true
  },
  "cfm:recipes/decorations/jungle_park_bench": {
    "criteria": {
      "has_planks": "2024-06-09 22:32:33 +0000"
    },
    "done": true
  },
  "minecraft:recipes/decorations/stone_brick_walls_from_stone_stonecutting": {
    "criteria": {
      "has_stone": "2024-06-09 22:44:25 +0000"
    },
    "done": true
  },
  "minecraft:recipes/building_blocks/jungle_stairs": {
    "criteria": {
      "has_planks": "2024-06-09 22:32:33 +0000"
    },
    "done": true
  },
  "minecraft:recipes/redstone/jungle_fence_gate": {
    "criteria": {
      "has_planks": "2024-06-09 22:32:33 +0000"
    },
    "done": true
  },
  "cfm:recipes/decorations/stripped_birch_mail_box": {
    "criteria": {
      "has_chest": "2024-06-10 01:01:29 +0000"
    },
    "done": true
  },
  "cfm:recipes/decorations/dark_oak_crate": {
    "criteria": {
      "has_planks": "2024-06-09 23:58:16 +0000"
    },
    "done": true
  },
  "cfm:recipes/decorations/jungle_table": {
    "criteria": {
      "has_planks": "2024-06-09 22:32:33 +0000"
    },
    "done": true
  },
  "cfm:recipes/decorations/stripped_spruce_coffee_table": {
    "criteria": {
      "has_planks": "2024-06-10 00:34:55 +0000"
    },
    "done": true
  },
  "minecraft:recipes/decorations/dark_oak_fence": {
    "criteria": {
      "has_planks": "2024-06-09 23:58:16 +0000"
    },
    "done": true
  },
  "cfm:recipes/decorations/light_blue_cooler": {
    "criteria": {
      "has_chest": "2024-06-10 01:01:29 +0000"
    },
    "done": true
  },
  "cfm:recipes/decorations/light_blue_kitchen_drawer": {
    "criteria": {
      "has_chest": "2024-06-10 01:01:29 +0000"
    },
    "done": true
  },
  "minecraft:recipes/combat/iron_sword": {
    "criteria": {
      "has_iron_ingot": "2024-06-09 22:27:32 +0000"
    },
    "done": true
  },
  "minecraft:recipes/tools/iron_pickaxe": {
    "criteria": {
      "has_iron_ingot": "2024-06-09 22:27:32 +0000"
    },
    "done": true
  },
  "doggytalents:recipes/tools/empty_locator_orb": {
    "criteria": {
      "has_string": "2024-06-09 22:52:43 +0000"
    },
    "done": true
  },
  "iceandfire:iceandfire/root": {
    "criteria": {
      "tick": "2024-06-09 22:22:50 +0000"
    },
    "done": true
  },
  "minecraft:recipes/building_blocks/dark_oak_slab": {
    "criteria": {
      "has_planks": "2024-06-09 23:58:16 +0000"
    },
    "done": true
  },
  "minecraft:recipes/building_blocks/dark_prismarine_stairs_from_dark_prismarine_stonecutting": {
    "criteria": {
      "has_dark_prismarine": "2024-06-09 22:32:18 +0000"
    },
    "done": true
  },
  "minecraft:recipes/transportation/mangrove_boat": {
    "criteria": {
      "in_water": "2024-06-09 23:38:09 +0000"
    },
    "done": true
  },
  "minecraft:recipes/redstone/spruce_button": {
    "criteria": {
      "has_planks": "2024-06-09 22:25:13 +0000"
    },
    "done": true
  },
  "minecraft:recipes/decorations/torch": {
    "criteria": {
      "has_the_recipe": "2024-06-09 22:45:31 +0000"
    },
    "done": true
  },
  "minecraft:recipes/building_blocks/stone_brick_slab_from_stone_stonecutting": {
    "criteria": {
      "has_stone": "2024-06-09 22:44:25 +0000"
    },
    "done": true
  },
  "cfm:recipes/decorations/white_grill": {
    "criteria": {
      "has_iron": "2024-06-09 22:27:32 +0000"
    },
    "done": true
  },
  "minecraft:recipes/building_blocks/dark_oak_planks": {
    "criteria": {
      "has_log": "2024-06-10 01:22:12 +0000"
    },
    "done": true
  },
  "doggytalents:recipes/decorations/bach_wig": {
    "criteria": {
      "has_string": "2024-06-09 22:52:43 +0000"
    },
    "done": true
  },
  "cfm:recipes/decorations/light_gray_picket_gate": {
    "criteria": {
      "has_concrete": "2024-06-09 22:40:58 +0000"
    },
    "done": true
  },
  "minecraft:recipes/redstone/dark_oak_door": {
    "criteria": {
      "has_planks": "2024-06-09 23:58:16 +0000"
    },
    "done": true
  },
  "minecraft:recipes/combat/shield": {
    "criteria": {
      "has_iron_ingot": "2024-06-09 22:27:32 +0000"
    },
    "done": true
  },
  "minecraft:recipes/redstone/hopper": {
    "criteria": {
      "has_iron_ingot": "2024-06-09 22:27:32 +0000"
    },
    "done": true
  },
  "doggytalents:recipes/decorations/baker_hat": {
    "criteria": {
      "has_bread": "2024-06-09 22:29:43 +0000"
    },
    "done": true
  },
  "cfm:recipes/decorations/yellow_trampoline": {
    "criteria": {
      "has_iron": "2024-06-09 22:27:32 +0000"
    },
    "done": true
  },
  "cfm:recipes/decorations/dark_oak_upgraded_fence": {
    "criteria": {
      "has_log": "2024-06-10 01:22:12 +0000"
    },
    "done": true
  },
  "cfm:recipes/decorations/acacia_coffee_table": {
    "criteria": {
      "has_planks": "2024-06-09 22:31:19 +0000"
    },
    "done": true
  },
  "cfm:recipes/decorations/stripped_oak_mail_box": {
    "criteria": {
      "has_chest": "2024-06-10 01:01:29 +0000"
    },
    "done": true
  },
  "cfm:recipes/decorations/jungle_bedside_cabinet": {
    "criteria": {
      "has_planks": "2024-06-09 22:32:33 +0000"
    },
    "done": true
  },
  "minecraft:recipes/decorations/iron_bars": {
    "criteria": {
      "has_iron_ingot": "2024-06-09 22:27:32 +0000"
    },
    "done": true
  },
  "cfm:recipes/decorations/acacia_kitchen_drawer": {
    "criteria": {
      "has_planks": "2024-06-09 22:31:19 +0000"
    },
    "done": true
  },
  "minecraft:recipes/building_blocks/spruce_planks": {
    "criteria": {
      "has_logs": "2024-06-09 22:25:04 +0000"
    },
    "done": true
  },
  "cfm:recipes/decorations/white_trampoline": {
    "criteria": {
      "has_iron": "2024-06-09 22:27:32 +0000"
    },
    "done": true
  },
  "minecraft:recipes/building_blocks/quartz_stairs": {
    "criteria": {
      "has_chiseled_quartz_block": "2024-06-09 22:43:39 +0000"
    },
    "done": true
  },
  "doggytalents:recipes/food/golden_a_five_wagyu": {
    "criteria": {
      "has_cooked_beef": "2024-06-10 01:19:39 +0000"
    },
    "done": true
  },
  "minecraft:recipes/building_blocks/stone_brick_stairs_from_stone_stonecutting": {
    "criteria": {
      "has_stone": "2024-06-09 22:44:25 +0000"
    },
    "done": true
  },
  "cfm:recipes/decorations/cyan_cooler": {
    "criteria": {
      "has_chest": "2024-06-10 01:01:29 +0000"
    },
    "done": true
  },
  "sophisticatedbackpacks:recipes/misc/backpack": {
    "criteria": {
      "has_leather": "2024-06-10 00:53:01 +0000"
    },
    "done": true
  },
  "minecraft:recipes/food/cooked_beef_from_smoking": {
    "criteria": {
      "has_beef": "2024-06-10 00:52:11 +0000"
    },
    "done": true
  },
  "farmersdelight:recipes/decorations/spruce_cabinet": {
    "criteria": {
      "has_spruce_trapdoor": "2024-06-09 23:52:20 +0000"
    },
    "done": true
  },
  "cfm:recipes/decorations/orange_trampoline": {
    "criteria": {
      "has_iron": "2024-06-09 22:27:32 +0000"
    },
    "done": true
  },
  "minecraft:recipes/building_blocks/oak_slab": {
    "criteria": {
      "has_planks": "2024-06-09 22:32:08 +0000"
    },
    "done": true
  },
  "minecraft:husbandry/tame_an_animal": {
    "criteria": {
      "tamed_animal": "2024-06-10 00:41:04 +0000"
    },
    "done": true
  },
  "doggytalents:recipes/decorations/tengu_mask": {
    "criteria": {
      "has_string": "2024-06-09 22:52:43 +0000"
    },
    "done": true
  },
  "minecraft:recipes/building_blocks/diorite_stairs_from_diorite_stonecutting": {
    "criteria": {
      "has_diorite": "2024-06-10 00:04:48 +0000"
    },
    "done": true
  },
  "cfm:recipes/decorations/post_box": {
    "criteria": {
      "has_iron": "2024-06-09 22:27:32 +0000"
    },
    "done": true
  },
  "cfm:recipes/decorations/stripped_spruce_chair": {
    "criteria": {
      "has_planks": "2024-06-10 00:34:55 +0000"
    },
    "done": true
  },
  "mca:recipes/misc/comb": {
    "criteria": {
      "has_item": "2024-06-09 22:27:32 +0000"
    },
    "done": true
  },
  "minecraft:recipes/combat/iron_boots": {
    "criteria": {
      "has_iron_ingot": "2024-06-09 22:27:32 +0000"
    },
    "done": true
  },
  "minecraft:recipes/building_blocks/chiseled_quartz_block": {
    "criteria": {
      "has_chiseled_quartz_block": "2024-06-09 22:43:39 +0000"
    },
    "done": true
  },
  "minecraft:recipes/redstone/spruce_pressure_plate": {
    "criteria": {
      "has_planks": "2024-06-09 22:25:13 +0000"
    },
    "done": true
  },
  "cfm:recipes/decorations/gray_picket_fence": {
    "criteria": {
      "has_concrete": "2024-06-09 22:59:09 +0000"
    },
    "done": true
  },
  "cfm:recipes/decorations/dark_oak_bedside_cabinet": {
    "criteria": {
      "has_planks": "2024-06-09 23:58:16 +0000"
    },
    "done": true
  },
  "doggytalents:recipes/tools/feathered_mantle": {
    "criteria": {
      "has_feather": "2024-06-09 23:41:01 +0000"
    },
    "done": true
  },
  "minecraft:recipes/tools/stone_pickaxe": {
    "criteria": {
      "has_cobblestone": "2024-06-09 22:52:03 +0000"
    },
    "done": true
  },
  "cfm:recipes/decorations/spruce_kitchen_sink_dark": {
    "criteria": {
      "has_bottom": "2024-06-09 22:25:13 +0000"
    },
    "done": true
  },
  "minecraft:recipes/misc/black_dye": {
    "criteria": {
      "has_ink_sac": "2024-06-10 00:19:38 +0000"
    },
    "done": true
  },
  "minecraft:recipes/decorations/acacia_sign": {
    "criteria": {
      "has_planks": "2024-06-09 22:31:19 +0000"
    },
    "done": true
  },
  "dungeons_arise:wda_root": {
    "criteria": {
      "WDA": "2024-06-09 22:22:50 +0000"
    },
    "done": true
  },
  "minecraft:recipes/decorations/lantern": {
    "criteria": {
      "has_iron_ingot": "2024-06-09 22:27:32 +0000"
    },
    "done": true
  },
  "cfm:recipes/decorations/crimson_mail_box": {
    "criteria": {
      "has_chest": "2024-06-10 01:01:29 +0000"
    },
    "done": true
  },
  "farmersdelight:recipes/cooking/beef_stew": {
    "criteria": {
      "has_any_ingredient": "2024-06-10 00:52:11 +0000"
    },
    "done": true
  },
  "weaponmaster:parts/root": {
    "criteria": {
      "crafting_table": "2024-06-09 22:22:50 +0000"
    },
    "done": true
  },
  "cfm:recipes/decorations/stripped_dark_oak_table": {
    "criteria": {
      "has_planks": "2024-06-10 01:22:12 +0000"
    },
    "done": true
  },
  "minecraft:recipes/decorations/campfire": {
    "criteria": {
      "has_stick": "2024-06-09 22:28:15 +0000"
    },
    "done": true
  },
  "minecraft:recipes/building_blocks/stone_slab_from_stone_stonecutting": {
    "criteria": {
      "has_stone": "2024-06-09 22:44:25 +0000"
    },
    "done": true
  },
  "cfm:recipes/decorations/gray_grill": {
    "criteria": {
      "has_iron": "2024-06-09 22:27:32 +0000"
    },
    "done": true
  },
  "minecraft:recipes/food/cooked_beef_from_grill_cooking": {
    "criteria": {
      "has_beef": "2024-06-10 00:52:11 +0000"
    },
    "done": true
  },
  "cfm:recipes/decorations/light_gray_cooler": {
    "criteria": {
      "has_chest": "2024-06-10 01:01:29 +0000"
    },
    "done": true
  },
  "cfm:recipes/decorations/red_kitchen_drawer": {
    "criteria": {
      "has_chest": "2024-06-10 01:01:29 +0000"
    },
    "done": true
  },
  "dungeons_arise:find_abandoned_temple": {
    "criteria": {
      "location0": "2024-06-09 22:24:55 +0000"
    },
    "done": true
  },
  "cfm:recipes/decorations/cyan_trampoline": {
    "criteria": {
      "has_iron": "2024-06-09 22:27:32 +0000"
    },
    "done": true
  },
  "minecraft:recipes/tools/flint_and_steel": {
    "criteria": {
      "has_obsidian": "2024-06-10 00:15:56 +0000"
    },
    "done": true
  },
  "minecraft:recipes/redstone/jungle_trapdoor": {
    "criteria": {
      "has_planks": "2024-06-09 22:32:33 +0000"
    },
    "done": true
  },
  "minecraft:recipes/tools/wooden_hoe": {
    "criteria": {
      "has_stick": "2024-06-09 22:28:15 +0000"
    },
    "done": true
  },
  "cfm:recipes/decorations/red_trampoline": {
    "criteria": {
      "has_iron": "2024-06-09 22:27:32 +0000"
    },
    "done": true
  },
  "cfm:recipes/decorations/spruce_bedside_cabinet": {
    "criteria": {
      "has_planks": "2024-06-09 22:25:13 +0000"
    },
    "done": true
  },
  "cfm:recipes/decorations/oak_park_bench": {
    "criteria": {
      "has_planks": "2024-06-09 22:32:08 +0000"
    },
    "done": true
  },
  "minecraft:recipes/redstone/oak_fence_gate": {
    "criteria": {
      "has_planks": "2024-06-09 22:32:08 +0000"
    },
    "done": true
  },
  "cfm:recipes/decorations/stripped_acacia_kitchen_sink_dark": {
    "criteria": {
      "has_top": "2024-06-09 22:59:09 +0000"
    },
    "done": true
  },
  "cfm:recipes/decorations/jungle_kitchen_drawer": {
    "criteria": {
      "has_planks": "2024-06-09 22:32:33 +0000"
    },
    "done": true
  },
  "minecraft:recipes/decorations/diorite_wall_from_diorite_stonecutting": {
    "criteria": {
      "has_diorite": "2024-06-10 00:04:48 +0000"
    },
    "done": true
  },
  "dungeons_arise:find_bathhouse": {
    "criteria": {
      "location0": "2024-06-09 23:43:26 +0000"
    },
    "done": true
  },
  "minecraft:recipes/misc/charcoal": {
    "criteria": {
      "has_log": "2024-06-09 22:25:04 +0000"
    },
    "done": true
  },
  "doggytalents:recipes/decorations/locator_orb_jin": {
    "criteria": {
      "has_string": "2024-06-09 22:52:43 +0000"
    },
    "done": true
  },
  "minecraft:recipes/tools/wooden_pickaxe": {
    "criteria": {
      "has_stick": "2024-06-09 22:28:15 +0000"
    },
    "done": true
  },
  "minecraft:recipes/tools/iron_shovel": {
    "criteria": {
      "has_iron_ingot": "2024-06-09 22:27:32 +0000"
    },
    "done": true
  },
  "minecraft:recipes/building_blocks/dark_oak_wood": {
    "criteria": {
      "has_log": "2024-06-10 01:22:12 +0000"
    },
    "done": true
  },
  "cfm:recipes/decorations/mangrove_kitchen_sink_dark": {
    "criteria": {
      "has_top": "2024-06-09 22:59:09 +0000"
    },
    "done": true
  },
  "cfm:recipes/decorations/red_cooler": {
    "criteria": {
      "has_chest": "2024-06-10 01:01:29 +0000"
    },
    "done": true
  },
  "farmersdelight:main/root": {
    "criteria": {
      "seeds": "2024-06-09 22:22:50 +0000"
    },
    "done": true
  },
  "farmersdelight:recipes/food/mixed_salad": {
    "criteria": {
      "has_bowl": "2024-06-10 00:19:57 +0000"
    },
    "done": true
  },
  "cfm:recipes/decorations/stripped_dark_oak_kitchen_drawer": {
    "criteria": {
      "has_chest": "2024-06-10 01:01:29 +0000"
    },
    "done": true
  },
  "cfm:recipes/decorations/dark_oak_chair": {
    "criteria": {
      "has_planks": "2024-06-09 23:58:16 +0000"
    },
    "done": true
  },
  "doggytalents:recipes/decorations/wool_collar": {
    "criteria": {
      "has_string": "2024-06-09 22:52:43 +0000"
    },
    "done": true
  },
  "farmersdelight:recipes/cooking/pasta_with_meatballs": {
    "criteria": {
      "has_any_ingredient": "2024-06-10 00:52:11 +0000"
    },
    "done": true
  },
  "dungeons_arise:find_small_blimp": {
    "criteria": {
      "location0": "2024-06-09 22:39:12 +0000"
    },
    "done": true
  },
  "farmersdelight:recipes/cooking/bone_broth": {
    "criteria": {
      "has_bone": "2024-06-09 22:28:48 +0000"
    },
    "done": true
  },
  "cfm:recipes/decorations/crimson_kitchen_drawer": {
    "criteria": {
      "has_chest": "2024-06-10 01:01:29 +0000"
    },
    "done": true
  },
  "cfm:recipes/decorations/oak_desk": {
    "criteria": {
      "has_planks": "2024-06-09 22:32:08 +0000"
    },
    "done": true
  },
  "doggytalents:recipes/misc/gender_bone": {
    "criteria": {
      "has_string": "2024-06-09 22:52:43 +0000"
    },
    "done": true
  },
  "cfm:recipes/decorations/light_gray_picket_fence": {
    "criteria": {
      "has_concrete": "2024-06-09 22:40:58 +0000"
    },
    "done": true
  },
  "cfm:recipes/decorations/magenta_grill": {
    "criteria": {
      "has_iron": "2024-06-09 22:27:32 +0000"
    },
    "done": true
  },
  "cfm:recipes/decorations/black_kitchen_drawer": {
    "criteria": {
      "has_chest": "2024-06-10 01:01:29 +0000"
    },
    "done": true
  },
  "cfm:recipes/decorations/dark_oak_cabinet": {
    "criteria": {
      "has_planks": "2024-06-09 23:58:16 +0000"
    },
    "done": true
  },
  "minecraft:recipes/decorations/jungle_sign": {
    "criteria": {
      "has_planks": "2024-06-09 22:32:33 +0000"
    },
    "done": true
  },
  "minecraft:recipes/building_blocks/andesite": {
    "criteria": {
      "has_stone": "2024-06-10 00:04:48 +0000"
    },
    "done": true
  },
  "sophisticatedbackpacks:recipes/misc/upgrade_base": {
    "criteria": {
      "has_leather": "2024-06-10 00:53:01 +0000"
    },
    "done": true
  },
  "minecraft:recipes/redstone/oak_pressure_plate": {
    "criteria": {
      "has_planks": "2024-06-09 22:32:08 +0000"
    },
    "done": true
  },
  "cfm:recipes/decorations/acacia_mail_box": {
    "criteria": {
      "has_chest": "2024-06-10 01:01:29 +0000"
    },
    "done": true
  },
  "minecraft:recipes/redstone/dropper": {
    "criteria": {
      "has_redstone": "2024-06-09 23:10:15 +0000"
    },
    "done": true
  },
  "minecraft:story/form_obsidian": {
    "criteria": {
      "obsidian": "2024-06-10 00:15:56 +0000"
    },
    "done": true
  },
  "doggytalents:recipes/decorations/kitsune_mask": {
    "criteria": {
      "has_string": "2024-06-09 22:52:43 +0000"
    },
    "done": true
  },
  "cfm:recipes/decorations/spruce_desk_cabinet": {
    "criteria": {
      "has_planks": "2024-06-09 22:25:13 +0000"
    },
    "done": true
  },
  "cfm:recipes/decorations/mangrove_kitchen_drawer": {
    "criteria": {
      "has_chest": "2024-06-10 01:01:29 +0000"
    },
    "done": true
  },
  "cfm:recipes/decorations/purple_trampoline": {
    "criteria": {
      "has_iron": "2024-06-09 22:27:32 +0000"
    },
    "done": true
  },
  "cfm:recipes/decorations/pink_grill": {
    "criteria": {
      "has_iron": "2024-06-09 22:27:32 +0000"
    },
    "done": true
  },
  "cfm:recipes/decorations/crimson_kitchen_sink_dark": {
    "criteria": {
      "has_top": "2024-06-09 22:59:09 +0000"
    },
    "done": true
  },
  "minecraft:recipes/redstone/oak_door": {
    "criteria": {
      "has_planks": "2024-06-09 22:32:08 +0000"
    },
    "done": true
  },
  "cfm:recipes/decorations/gray_sofa": {
    "criteria": {
      "has_wool": "2024-06-09 23:32:15 +0000"
    },
    "done": true
  },
  "cfm:recipes/decorations/stripped_dark_oak_desk": {
    "criteria": {
      "has_planks": "2024-06-10 01:22:12 +0000"
    },
    "done": true
  },
  "cfm:recipes/decorations/stripped_dark_oak_mail_box": {
    "criteria": {
      "has_chest": "2024-06-10 01:01:29 +0000"
    },
    "done": true
  },
  "cfm:recipes/decorations/pink_cooler": {
    "criteria": {
      "has_chest": "2024-06-10 01:01:29 +0000"
    },
    "done": true
  },
  "minecraft:recipes/redstone/jungle_door": {
    "criteria": {
      "has_planks": "2024-06-09 22:32:33 +0000"
    },
    "done": true
  },
  "minecraft:recipes/redstone/spruce_trapdoor": {
    "criteria": {
      "has_planks": "2024-06-09 22:25:13 +0000"
    },
    "done": true
  },
  "cfm:recipes/decorations/spruce_upgraded_fence": {
    "criteria": {
      "has_log": "2024-06-10 00:34:55 +0000"
    },
    "done": true
  },
  "cfm:recipes/decorations/gray_trampoline": {
    "criteria": {
      "has_iron": "2024-06-09 22:27:32 +0000"
    },
    "done": true
  },
  "cfm:recipes/decorations/green_trampoline": {
    "criteria": {
      "has_iron": "2024-06-09 22:27:32 +0000"
    },
    "done": true
  },
  "minecraft:recipes/redstone/spruce_door": {
    "criteria": {
      "has_planks": "2024-06-09 22:25:13 +0000"
    },
    "done": true
  },
  "cfm:recipes/decorations/mangrove_mail_box": {
    "criteria": {
      "has_chest": "2024-06-10 01:01:29 +0000"
    },
    "done": true
  },
  "minecraft:recipes/redstone/spruce_fence_gate": {
    "criteria": {
      "has_planks": "2024-06-09 22:25:13 +0000"
    },
    "done": true
  },
  "cfm:recipes/decorations/jungle_crate": {
    "criteria": {
      "has_planks": "2024-06-09 22:32:33 +0000"
    },
    "done": true
  },
  "cfm:recipes/decorations/spruce_kitchen_counter": {
    "criteria": {
      "has_planks": "2024-06-09 22:25:13 +0000"
    },
    "done": true
  },
  "cfm:recipes/decorations/brown_trampoline": {
    "criteria": {
      "has_iron": "2024-06-09 22:27:32 +0000"
    },
    "done": true
  },
  "cfm:recipes/decorations/acacia_desk_cabinet": {
    "criteria": {
      "has_planks": "2024-06-09 22:31:19 +0000"
    },
    "done": true
  },
  "minecraft:recipes/combat/golden_sword": {
    "criteria": {
      "has_gold_ingot": "2024-06-09 22:27:33 +0000"
    },
    "done": true
  },
  "minecraft:recipes/building_blocks/chiseled_stone_bricks_stone_from_stonecutting": {
    "criteria": {
      "has_stone": "2024-06-09 22:44:25 +0000"
    },
    "done": true
  },
  "minecraft:recipes/tools/wooden_shovel": {
    "criteria": {
      "has_stick": "2024-06-09 22:28:15 +0000"
    },
    "done": true
  },
  "minecraft:recipes/redstone/dispenser": {
    "criteria": {
      "has_bow": "2024-06-09 22:33:43 +0000"
    },
    "done": true
  },
  "cfm:recipes/decorations/acacia_bedside_cabinet": {
    "criteria": {
      "has_planks": "2024-06-09 22:31:19 +0000"
    },
    "done": true
  },
  "minecraft:recipes/building_blocks/cobblestone_slab": {
    "criteria": {
      "has_cobblestone": "2024-06-09 22:52:03 +0000"
    },
    "done": true
  },
  "cfm:recipes/decorations/cyan_grill": {
    "criteria": {
      "has_iron": "2024-06-09 22:27:32 +0000"
    },
    "done": true
  },
  "cfm:recipes/decorations/black_grill": {
    "criteria": {
      "has_iron": "2024-06-09 22:27:32 +0000"
    },
    "done": true
  },
  "cfm:recipes/decorations/stripped_spruce_desk": {
    "criteria": {
      "has_planks": "2024-06-10 00:34:55 +0000"
    },
    "done": true
  },
  "cfm:recipes/decorations/jungle_mail_box": {
    "criteria": {
      "has_chest": "2024-06-10 01:01:29 +0000"
    },
    "done": true
  },
  "cfm:recipes/decorations/stripped_dark_oak_desk_cabinet": {
    "criteria": {
      "has_planks": "2024-06-10 01:22:12 +0000"
    },
    "done": true
  },
  "minecraft:recipes/decorations/acacia_fence": {
    "criteria": {
      "has_planks": "2024-06-09 22:31:19 +0000"
    },
    "done": true
  },
  "cfm:recipes/decorations/spruce_park_bench": {
    "criteria": {
      "has_planks": "2024-06-09 22:25:13 +0000"
    },
    "done": true
  },
  "minecraft:recipes/building_blocks/gold_block": {
    "criteria": {
      "has_gold_ingot": "2024-06-09 22:27:33 +0000"
    },
    "done": true
  },
  "minecraft:recipes/decorations/armor_stand": {
    "criteria": {
      "has_stone_slab": "2024-06-09 23:32:11 +0000"
    },
    "done": true
  },
  "cfm:recipes/decorations/yellow_cooler": {
    "criteria": {
      "has_chest": "2024-06-10 01:01:29 +0000"
    },
    "done": true
  },
  "cfm:recipes/decorations/spruce_mail_box": {
    "criteria": {
      "has_chest": "2024-06-10 01:01:29 +0000"
    },
    "done": true
  },
  "cfm:recipes/decorations/white_cooler": {
    "criteria": {
      "has_chest": "2024-06-10 01:01:29 +0000"
    },
    "done": true
  },
  "minecraft:recipes/transportation/acacia_boat": {
    "criteria": {
      "in_water": "2024-06-09 23:38:09 +0000"
    },
    "done": true
  },
  "minecraft:recipes/redstone/iron_trapdoor": {
    "criteria": {
      "has_iron_ingot": "2024-06-09 22:27:32 +0000"
    },
    "done": true
  },
  "cfm:recipes/decorations/green_cooler": {
    "criteria": {
      "has_chest": "2024-06-10 01:01:29 +0000"
    },
    "done": true
  },
  "cfm:recipes/decorations/jungle_desk_cabinet": {
    "criteria": {
      "has_planks": "2024-06-09 22:32:33 +0000"
    },
    "done": true
  },
  "minecraft:adventure/root": {
    "criteria": {
      "killed_by_something": "2024-06-09 22:25:41 +0000"
    },
    "done": true
  },
  "minecraft:recipes/decorations/jungle_fence": {
    "criteria": {
      "has_planks": "2024-06-09 22:32:33 +0000"
    },
    "done": true
  },
  "minecraft:recipes/building_blocks/white_wool_from_string": {
    "criteria": {
      "has_string": "2024-06-09 22:52:43 +0000"
    },
    "done": true
  },
  "minecraft:recipes/redstone/redstone_block": {
    "criteria": {
      "has_redstone": "2024-06-09 23:10:15 +0000"
    },
    "done": true
  },
  "cfm:recipes/decorations/stripped_crimson_mail_box": {
    "criteria": {
      "has_chest": "2024-06-10 01:01:29 +0000"
    },
    "done": true
  },
  "mca:root": {
    "criteria": {
      "village_taiga": "2024-06-10 00:19:43 +0000"
    },
    "done": true
  },
  "cfm:recipes/decorations/oak_kitchen_sink_light": {
    "criteria": {
      "has_bottom": "2024-06-09 22:32:08 +0000"
    },
    "done": true
  },
  "farmersdelight:recipes/building_blocks/organic_compost_from_rotten_flesh": {
    "criteria": {
      "has_rotten_flesh": "2024-06-09 22:40:43 +0000"
    },
    "done": true
  },
  "mca:recipes/building_blocks/headstones": {
    "criteria": {
      "has_ingredients": "2024-06-09 22:52:03 +0000"
    },
    "done": true
  },
  "doggytalents:recipes/decorations/locator_orb_chu": {
    "criteria": {
      "has_string": "2024-06-09 22:52:43 +0000"
    },
    "done": true
  },
  "minecraft:recipes/redstone/jungle_pressure_plate": {
    "criteria": {
      "has_planks": "2024-06-09 22:32:33 +0000"
    },
    "done": true
  },
  "cfm:recipes/decorations/orange_grill": {
    "criteria": {
      "has_iron": "2024-06-09 22:27:32 +0000"
    },
    "done": true
  },
  "cfm:recipes/decorations/oak_table": {
    "criteria": {
      "has_planks": "2024-06-09 22:32:08 +0000"
    },
    "done": true
  },
  "cfm:recipes/decorations/stripped_spruce_kitchen_drawer": {
    "criteria": {
      "has_log": "2024-06-10 00:34:55 +0000"
    },
    "done": true
  },
  "doggytalents:recipes/decorations/locator_orb_chi": {
    "criteria": {
      "has_string": "2024-06-09 22:52:43 +0000"
    },
    "done": true
  },
  "minecraft:recipes/combat/wooden_sword": {
    "criteria": {
      "has_stick": "2024-06-09 22:28:15 +0000"
    },
    "done": true
  },
  "minecraft:recipes/decorations/gray_banner": {
    "criteria": {
      "has_gray_wool": "2024-06-09 23:32:15 +0000"
    },
    "done": true
  },
  "cfm:recipes/decorations/purple_kitchen_drawer": {
    "criteria": {
      "has_chest": "2024-06-10 01:01:29 +0000"
    },
    "done": true
  },
  "doggytalents:recipes/decorations/hot_dog": {
    "criteria": {
      "has_bread": "2024-06-09 22:29:43 +0000"
    },
    "done": true
  },
  "cfm:recipes/decorations/green_kitchen_drawer": {
    "criteria": {
      "has_chest": "2024-06-10 01:01:29 +0000"
    },
    "done": true
  },
  "cfm:recipes/decorations/stripped_spruce_desk_cabinet": {
    "criteria": {
      "has_planks": "2024-06-10 00:34:55 +0000"
    },
    "done": true
  },
  "minecraft:recipes/tools/iron_axe": {
    "criteria": {
      "has_iron_ingot": "2024-06-09 22:27:32 +0000"
    },
    "done": true
  },
  "cfm:recipes/decorations/acacia_crate": {
    "criteria": {
      "has_planks": "2024-06-09 22:31:19 +0000"
    },
    "done": true
  },
  "cfm:recipes/decorations/magenta_trampoline": {
    "criteria": {
      "has_iron": "2024-06-09 22:27:32 +0000"
    },
    "done": true
  },
  "cfm:recipes/decorations/dark_oak_desk": {
    "criteria": {
      "has_planks": "2024-06-09 23:58:16 +0000"
    },
    "done": true
  },
  "cfm:recipes/decorations/blue_kitchen_drawer": {
    "criteria": {
      "has_chest": "2024-06-10 01:01:29 +0000"
    },
    "done": true
  },
  "minecraft:recipes/combat/crossbow": {
    "criteria": {
      "has_iron_ingot": "2024-06-09 22:27:32 +0000"
    },
    "done": true
  },
  "cfm:recipes/decorations/oak_cabinet": {
    "criteria": {
      "has_planks": "2024-06-09 22:32:08 +0000"
    },
    "done": true
  },
  "minecraft:recipes/building_blocks/polished_diorite_from_diorite_stonecutting": {
    "criteria": {
      "has_diorite": "2024-06-10 00:04:48 +0000"
    },
    "done": true
  },
  "minecraft:recipes/misc/iron_nugget_from_blasting": {
    "criteria": {
      "has_iron_pickaxe": "2024-06-09 22:27:34 +0000"
    },
    "done": true
  },
  "minecraft:adventure/kill_a_mob": {
    "criteria": {
      "minecraft:skeleton": "2024-06-09 22:28:47 +0000"
    },
    "done": true
  },
  "doggytalents:recipes/tools/conducting_bone": {
    "criteria": {
      "has_bone": "2024-06-09 22:28:48 +0000"
    },
    "done": true
  },
  "doggytalents:recipes/decorations/locator_orb_tei": {
    "criteria": {
      "has_string": "2024-06-09 22:52:43 +0000"
    },
    "done": true
  },
  "minecraft:adventure/adventuring_time": {
    "criteria": {
      "minecraft:taiga": "2024-06-09 22:22:51 +0000",
      "minecraft:dark_forest": "2024-06-09 23:38:30 +0000",
      "minecraft:river": "2024-06-09 23:38:09 +0000",
      "minecraft:jagged_peaks": "2024-06-09 23:39:06 +0000",
      "minecraft:lush_caves": "2024-06-10 00:35:56 +0000",
      "minecraft:old_growth_spruce_taiga": "2024-06-10 01:21:30 +0000",
      "minecraft:frozen_peaks": "2024-06-09 22:27:27 +0000"
    },
    "done": false
  },
  "cfm:recipes/decorations/light_blue_trampoline": {
    "criteria": {
      "has_iron": "2024-06-09 22:27:32 +0000"
    },
    "done": true
  },
  "minecraft:recipes/decorations/barrel": {
    "criteria": {
      "has_planks": "2024-06-09 22:25:13 +0000"
    },
    "done": true
  },
  "minecraft:recipes/decorations/cobblestone_wall_from_cobblestone_stonecutting": {
    "criteria": {
      "has_cobblestone": "2024-06-09 22:52:03 +0000"
    },
    "done": true
  },
  "farmersdelight:main/craft_knife": {
    "criteria": {
      "iron_knife": "2024-06-10 00:51:51 +0000"
    },
    "done": true
  },
  "cfm:recipes/decorations/warped_kitchen_drawer": {
    "criteria": {
      "has_chest": "2024-06-10 01:01:29 +0000"
    },
    "done": true
  },
  "cfm:recipes/decorations/lime_cooler": {
    "criteria": {
      "has_chest": "2024-06-10 01:01:29 +0000"
    },
    "done": true
  },
  "cfm:recipes/decorations/spruce_kitchen_drawer": {
    "criteria": {
      "has_planks": "2024-06-09 22:25:13 +0000"
    },
    "done": true
  },
  "minecraft:recipes/building_blocks/cobblestone_stairs_from_cobblestone_stonecutting": {
    "criteria": {
      "has_cobblestone": "2024-06-09 22:52:03 +0000"
    },
    "done": true
  },
  "minecraft:recipes/misc/wheat": {
    "criteria": {
      "has_hay_block": "2024-06-09 23:52:44 +0000"
    },
    "done": true
  },
  "minecraft:recipes/building_blocks/dark_prismarine_slab_from_dark_prismarine_stonecutting": {
    "criteria": {
      "has_dark_prismarine": "2024-06-09 22:32:18 +0000"
    },
    "done": true
  },
  "cfm:recipes/decorations/lime_kitchen_drawer": {
    "criteria": {
      "has_chest": "2024-06-10 01:01:29 +0000"
    },
    "done": true
  },
  "minecraft:recipes/tools/golden_hoe": {
    "criteria": {
      "has_gold_ingot": "2024-06-09 22:27:33 +0000"
    },
    "done": true
  },
  "minecraft:recipes/building_blocks/diorite_slab_from_diorite_stonecutting": {
    "criteria": {
      "has_diorite": "2024-06-10 00:04:48 +0000"
    },
    "done": true
  },
  "farmersdelight:recipes/decorations/cutting_board": {
    "criteria": {
      "has_stick": "2024-06-09 22:28:15 +0000"
    },
    "done": true
  },
  "cfm:recipes/decorations/birch_kitchen_sink_dark": {
    "criteria": {
      "has_top": "2024-06-09 22:59:09 +0000"
    },
    "done": true
  },
  "minecraft:recipes/misc/firework_rocket_simple": {
    "criteria": {
      "has_gunpowder": "2024-06-10 00:15:13 +0000"
    },
    "done": true
  },
  "cfm:recipes/decorations/white_kitchen_drawer": {
    "criteria": {
      "has_chest": "2024-06-10 01:01:29 +0000"
    },
    "done": true
  },
  "minecraft:recipes/food/mushroom_stew": {
    "criteria": {
      "has_mushroom_stew": "2024-06-10 00:10:49 +0000"
    },
    "done": true
  },
  "minecraft:husbandry/balanced_diet": {
    "criteria": {
      "cooked_beef": "2024-06-10 01:20:51 +0000",
      "apple": "2024-06-09 22:28:37 +0000",
      "pumpkin_pie": "2024-06-09 23:55:08 +0000",
      "bread": "2024-06-09 22:29:49 +0000",
      "rotten_flesh": "2024-06-09 22:41:31 +0000",
      "mushroom_stew": "2024-06-10 00:19:57 +0000"
    },
    "done": false
  },
  "cfm:recipes/decorations/lime_grill": {
    "criteria": {
      "has_iron": "2024-06-09 22:27:32 +0000"
    },
    "done": true
  },
  "minecraft:recipes/building_blocks/cobblestone_stairs": {
    "criteria": {
      "has_cobblestone": "2024-06-09 22:52:03 +0000"
    },
    "done": true
  },
  "cfm:recipes/decorations/oak_kitchen_drawer": {
    "criteria": {
      "has_planks": "2024-06-09 22:32:08 +0000"
    },
    "done": true
  },
  "minecraft:recipes/building_blocks/polished_diorite_slab_from_diorite_stonecutting": {
    "criteria": {
      "has_diorite": "2024-06-10 00:04:48 +0000"
    },
    "done": true
  },
  "cfm:recipes/decorations/stripped_acacia_mail_box": {
    "criteria": {
      "has_chest": "2024-06-10 01:01:29 +0000"
    },
    "done": true
  },
  "farmersdelight:recipes/food/pie_crust": {
    "criteria": {
      "has_wheat": "2024-06-10 01:12:17 +0000"
    },
    "done": true
  },
  "farmersdelight:recipes/combat/iron_knife": {
    "criteria": {
      "has_iron_ingot": "2024-06-09 22:27:32 +0000"
    },
    "done": true
  },
  "cfm:recipes/decorations/stripped_birch_kitchen_drawer": {
    "criteria": {
      "has_chest": "2024-06-10 01:01:29 +0000"
    },
    "done": true
  },
  "minecraft:recipes/redstone/tnt": {
    "criteria": {
      "has_gunpowder": "2024-06-10 00:15:13 +0000"
    },
    "done": true
  },
  "minecraft:recipes/decorations/enchanting_table": {
    "criteria": {
      "has_obsidian": "2024-06-10 00:15:56 +0000"
    },
    "done": true
  },
  "cfm:recipes/decorations/jungle_desk": {
    "criteria": {
      "has_planks": "2024-06-09 22:32:33 +0000"
    },
    "done": true
  },
  "doggytalents:recipes/decorations/locator_orb_ko": {
    "criteria": {
      "has_string": "2024-06-09 22:52:43 +0000"
    },
    "done": true
  },
  "minecraft:recipes/tools/stone_hoe": {
    "criteria": {
      "has_cobblestone": "2024-06-09 22:52:03 +0000"
    },
    "done": true
  },
  "cfm:recipes/decorations/dark_oak_table": {
    "criteria": {
      "has_planks": "2024-06-09 23:58:16 +0000"
    },
    "done": true
  },
  "minecraft:recipes/decorations/dark_oak_sign": {
    "criteria": {
      "has_planks": "2024-06-09 23:58:16 +0000"
    },
    "done": true
  },
  "minecraft:recipes/building_blocks/spruce_stairs": {
    "criteria": {
      "has_planks": "2024-06-09 22:25:13 +0000"
    },
    "done": true
  },
  "cfm:recipes/decorations/stripped_crimson_kitchen_drawer": {
    "criteria": {
      "has_chest": "2024-06-10 01:01:29 +0000"
    },
    "done": true
  },
  "doggytalents:recipes/building_blocks/dog_bed_def": {
    "criteria": {
      "has_wool": "2024-06-09 23:32:15 +0000"
    },
    "done": true
  },
  "minecraft:recipes/decorations/loom": {
    "criteria": {
      "has_string": "2024-06-09 22:52:43 +0000"
    },
    "done": true
  },
  "cfm:recipes/decorations/warped_mail_box": {
    "criteria": {
      "has_chest": "2024-06-10 01:01:29 +0000"
    },
    "done": true
  },
  "aquamirae:adventure/root": {
    "criteria": {
      "crafting_table": "2024-06-09 22:27:50 +0000"
    },
    "done": true
  },
  "doggytalents:recipes/food/super_treat": {
    "criteria": {
      "has_golden_apple": "2024-06-09 23:01:42 +0000"
    },
    "done": true
  },
  "doggytalents:recipes/decorations/locator_orb_gi": {
    "criteria": {
      "has_string": "2024-06-09 22:52:43 +0000"
    },
    "done": true
  },
  "minecraft:recipes/tools/stone_shovel": {
    "criteria": {
      "has_cobblestone": "2024-06-09 22:52:03 +0000"
    },
    "done": true
  },
  "minecraft:recipes/building_blocks/diorite_stairs": {
    "criteria": {
      "has_diorite": "2024-06-10 00:04:48 +0000"
    },
    "done": true
  },
  "cfm:recipes/decorations/stripped_spruce_bedside_cabinet": {
    "criteria": {
      "has_planks": "2024-06-10 00:34:55 +0000"
    },
    "done": true
  },
  "cfm:recipes/decorations/dark_oak_kitchen_counter": {
    "criteria": {
      "has_planks": "2024-06-09 23:58:16 +0000"
    },
    "done": true
  },
  "cfm:recipes/decorations/brown_cooler": {
    "criteria": {
      "has_chest": "2024-06-10 01:01:29 +0000"
    },
    "done": true
  },
  "cfm:recipes/decorations/stripped_spruce_table": {
    "criteria": {
      "has_planks": "2024-06-10 00:34:55 +0000"
    },
    "done": true
  },
  "minecraft:story/root": {
    "criteria": {
      "crafting_table": "2024-06-09 22:27:50 +0000"
    },
    "done": true
  },
  "minecraft:recipes/building_blocks/smooth_quartz_stairs": {
    "criteria": {
      "has_smooth_quartz": "2024-06-09 22:41:06 +0000"
    },
    "done": true
  },
  "doggytalents:recipes/building_blocks/dog_bath": {
    "criteria": {
      "has_iron_ingot": "2024-06-09 22:27:32 +0000"
    },
    "done": true
  },
  "cfm:recipes/decorations/light_gray_kitchen_drawer": {
    "criteria": {
      "has_chest": "2024-06-10 01:01:29 +0000"
    },
    "done": true
  },
  "minecraft:recipes/building_blocks/jungle_slab": {
    "criteria": {
      "has_planks": "2024-06-09 22:32:33 +0000"
    },
    "done": true
  },
  "doggytalents:recipes/building_blocks/food_bowl": {
    "criteria": {
      "has_iron_ingot": "2024-06-09 22:27:32 +0000"
    },
    "done": true
  },
  "minecraft:recipes/building_blocks/acacia_planks": {
    "criteria": {
      "has_log": "2024-06-09 22:29:16 +0000"
    },
    "done": true
  },
  "minecraft:recipes/food/cooked_beef": {
    "criteria": {
      "has_beef": "2024-06-10 00:52:11 +0000"
    },
    "done": true
  },
  "minecraft:recipes/redstone/iron_door": {
    "criteria": {
      "has_iron_ingot": "2024-06-09 22:27:32 +0000"
    },
    "done": true
  },
  "cfm:recipes/decorations/red_grill": {
    "criteria": {
      "has_iron": "2024-06-09 22:27:32 +0000"
    },
    "done": true
  },
  "minecraft:recipes/misc/iron_ingot_from_nuggets": {
    "criteria": {
      "has_iron_nugget": "2024-06-10 00:50:33 +0000"
    },
    "done": true
  },
  "minecraft:recipes/transportation/jungle_boat": {
    "criteria": {
      "in_water": "2024-06-09 23:38:09 +0000"
    },
    "done": true
  },
  "cfm:recipes/decorations/door_mat": {
    "criteria": {
      "has_wheat": "2024-06-10 01:12:17 +0000"
    },
    "done": true
  },
  "minecraft:recipes/redstone/heavy_weighted_pressure_plate": {
    "criteria": {
      "has_iron_ingot": "2024-06-09 22:27:32 +0000"
    },
    "done": true
  },
  "cfm:recipes/decorations/magenta_cooler": {
    "criteria": {
      "has_chest": "2024-06-10 01:01:29 +0000"
    },
    "done": true
  },
  "minecraft:recipes/transportation/dark_oak_boat": {
    "criteria": {
      "in_water": "2024-06-09 23:38:09 +0000"
    },
    "done": true
  },
  "minecraft:recipes/combat/golden_leggings": {
    "criteria": {
      "has_gold_ingot": "2024-06-09 22:27:33 +0000"
    },
    "done": true
  },
  "minecraft:recipes/redstone/piston": {
    "criteria": {
      "has_redstone": "2024-06-09 23:10:15 +0000"
    },
    "done": true
  },
  "cfm:recipes/decorations/stripped_spruce_kitchen_sink_dark": {
    "criteria": {
      "has_top": "2024-06-09 22:59:09 +0000"
    },
    "done": true
  },
  "minecraft:recipes/building_blocks/stone_stairs": {
    "criteria": {
      "has_stone": "2024-06-09 22:44:25 +0000"
    },
    "done": true
  },
  "doggytalents:recipes/decorations/locator_orb_dyable": {
    "criteria": {
      "has_string": "2024-06-09 22:52:43 +0000"
    },
    "done": true
  },
  "cfm:recipes/decorations/stripped_warped_kitchen_drawer": {
    "criteria": {
      "has_chest": "2024-06-10 01:01:29 +0000"
    },
    "done": true
  },
  "cfm:recipes/decorations/spruce_table": {
    "criteria": {
      "has_planks": "2024-06-09 22:25:13 +0000"
    },
    "done": true
  },
  "minecraft:recipes/food/cooked_beef_from_campfire_cooking": {
    "criteria": {
      "has_beef": "2024-06-10 00:52:11 +0000"
    },
    "done": true
  },
  "cfm:recipes/decorations/gray_cooler": {
    "criteria": {
      "has_chest": "2024-06-10 01:01:29 +0000"
    },
    "done": true
  },
  "DataVersion": 3465
}