{
  "minecraft:recipes/decorations/crafting_table": {
    "criteria": {
      "unlock_right_away": "2024-06-09 22:13:22 +0000"
    },
    "done": true
  },
  "mowziesmobs:root": {
    "criteria": {
      "custom_test_name": "2024-06-09 22:13:22 +0000"
    },
    "done": true
  },
  "cataclysm:root": {
    "criteria": {
      "custom_test_name": "2024-06-09 22:13:22 +0000"
    },
    "done": true
  },
  "iceandfire:iceandfire/root": {
    "criteria": {
      "tick": "2024-06-09 22:13:22 +0000"
    },
    "done": true
  },
  "dungeons_arise:wda_root": {
    "criteria": {
      "WDA": "2024-06-09 22:13:22 +0000"
    },
    "done": true
  },
  "weaponmaster:parts/root": {
    "criteria": {
      "crafting_table": "2024-06-09 22:13:22 +0000"
    },
    "done": true
  },
  "farmersdelight:main/root": {
    "criteria": {
      "seeds": "2024-06-09 22:13:22 +0000"
    },
    "done": true
  },
  "minecraft:adventure/adventuring_time": {
    "criteria": {
      "minecraft:taiga": "2024-06-09 22:13:22 +0000",
      "minecraft:frozen_river": "2024-06-09 22:46:57 +0000",
      "minecraft:grove": "2024-06-09 23:00:30 +0000",
      "minecraft:jagged_peaks": "2024-06-09 22:55:55 +0000",
      "minecraft:cold_ocean": "2024-06-09 22:54:37 +0000",
      "minecraft:lush_caves": "2024-06-09 22:29:12 +0000",
      "minecraft:frozen_ocean": "2024-06-09 22:48:41 +0000",
      "minecraft:snowy_beach": "2024-06-09 22:52:57 +0000",
      "minecraft:frozen_peaks": "2024-06-09 22:25:07 +0000"
    },
    "done": false
  },
  "minecraft:recipes/redstone/lever": {
    "criteria": {
      "has_cobblestone": "2024-06-09 22:31:01 +0000"
    },
    "done": true
  },
  "cfm:recipes/decorations/stripped_dark_oak_park_bench": {
    "criteria": {
      "has_log": "2024-06-09 22:16:38 +0000"
    },
    "done": true
  },
  "farmersdelight:recipes/cooking/mushroom_rice": {
    "criteria": {
      "has_any_ingredient": "2024-06-09 22:26:13 +0000"
    },
    "done": true
  },
  "minecraft:recipes/decorations/ladder": {
    "criteria": {
      "has_stick": "2024-06-09 22:18:33 +0000"
    },
    "done": true
  },
  "cfm:recipes/decorations/stripped_dark_oak_kitchen_counter": {
    "criteria": {
      "has_log": "2024-06-09 22:16:38 +0000"
    },
    "done": true
  },
  "minecraft:recipes/building_blocks/coarse_dirt": {
    "criteria": {
      "has_gravel": "2024-06-09 22:41:00 +0000"
    },
    "done": true
  },
  "minecraft:recipes/building_blocks/light_gray_concrete_powder": {
    "criteria": {
      "has_gravel": "2024-06-09 22:41:00 +0000"
    },
    "done": true
  },
  "minecraft:recipes/building_blocks/pink_concrete_powder": {
    "criteria": {
      "has_gravel": "2024-06-09 22:41:00 +0000"
    },
    "done": true
  },
  "cfm:recipes/decorations/dark_oak_desk_cabinet": {
    "criteria": {
      "has_log": "2024-06-09 22:16:38 +0000"
    },
    "done": true
  },
  "minecraft:recipes/redstone/dark_oak_fence_gate": {
    "criteria": {
      "has_planks": "2024-06-09 22:17:59 +0000"
    },
    "done": true
  },
  "cfm:recipes/decorations/dark_oak_blinds": {
    "criteria": {
      "has_log": "2024-06-09 22:16:38 +0000"
    },
    "done": true
  },
  "farmersdelight:recipes/cooking/rabbit_stew": {
    "criteria": {
      "has_any_ingredient": "2024-06-09 22:26:13 +0000"
    },
    "done": true
  },
  "cfm:recipes/decorations/stripped_spruce_kitchen_counter": {
    "criteria": {
      "has_log": "2024-06-09 22:18:49 +0000"
    },
    "done": true
  },
  "cfm:recipes/decorations/spruce_coffee_table": {
    "criteria": {
      "has_log": "2024-06-09 22:18:49 +0000"
    },
    "done": true
  },
  "minecraft:recipes/redstone/dark_oak_trapdoor": {
    "criteria": {
      "has_planks": "2024-06-09 22:17:59 +0000"
    },
    "done": true
  },
  "minecraft:recipes/building_blocks/red_concrete_powder": {
    "criteria": {
      "has_gravel": "2024-06-09 22:41:00 +0000"
    },
    "done": true
  },
  "iceandfire:recipes/misc/dragon_bone_wall": {
    "criteria": {
      "has_item": "2024-06-09 23:00:56 +0000"
    },
    "done": true
  },
  "cfm:recipes/decorations/spruce_chair": {
    "criteria": {
      "has_log": "2024-06-09 22:18:49 +0000"
    },
    "done": true
  },
  "minecraft:recipes/combat/stone_sword": {
    "criteria": {
      "has_cobblestone": "2024-06-09 22:31:01 +0000"
    },
    "done": true
  },
  "minecraft:recipes/decorations/cobblestone_wall": {
    "criteria": {
      "has_cobblestone": "2024-06-09 22:31:01 +0000"
    },
    "done": true
  },
  "minecraft:recipes/tools/stone_axe": {
    "criteria": {
      "has_cobblestone": "2024-06-09 22:31:01 +0000"
    },
    "done": true
  },
  "minecraft:recipes/building_blocks/brown_concrete_powder": {
    "criteria": {
      "has_gravel": "2024-06-09 22:41:00 +0000"
    },
    "done": true
  },
  "farmersdelight:recipes/cooking/mushroom_stew": {
    "criteria": {
      "has_any_ingredient": "2024-06-09 22:26:13 +0000"
    },
    "done": true
  },
  "farmersdelight:recipes/combat/flint_knife": {
    "criteria": {
      "has_stick": "2024-06-09 22:18:33 +0000"
    },
    "done": true
  },
  "minecraft:recipes/building_blocks/light_blue_concrete_powder": {
    "criteria": {
      "has_gravel": "2024-06-09 22:41:00 +0000"
    },
    "done": true
  },
  "cfm:recipes/decorations/stripped_dark_oak_bedside_cabinet": {
    "criteria": {
      "has_planks": "2024-06-09 22:16:38 +0000"
    },
    "done": true
  },
  "doggytalents:recipes/decorations/pianist_suit": {
    "criteria": {
      "has_string": "2024-06-09 22:46:23 +0000"
    },
    "done": true
  },
  "iceandfire:recipes/tools/dragonbone_shovel": {
    "criteria": {
      "has_item": "2024-06-09 23:00:56 +0000"
    },
    "done": true
  },
  "minecraft:recipes/combat/bow": {
    "criteria": {
      "has_string": "2024-06-09 22:46:23 +0000"
    },
    "done": true
  },
  "doggytalents:recipes/decorations/bowtie": {
    "criteria": {
      "has_string": "2024-06-09 22:46:23 +0000"
    },
    "done": true
  },
  "minecraft:story/mine_stone": {
    "criteria": {
      "get_stone": "2024-06-09 22:31:01 +0000"
    },
    "done": true
  },
  "minecraft:recipes/decorations/furnace": {
    "criteria": {
      "has_cobblestone": "2024-06-09 22:31:01 +0000"
    },
    "done": true
  },
  "minecraft:recipes/building_blocks/green_concrete_powder": {
    "criteria": {
      "has_gravel": "2024-06-09 22:41:00 +0000"
    },
    "done": true
  },
  "cfm:recipes/decorations/spruce_kitchen_sink_light": {
    "criteria": {
      "has_bottom": "2024-06-09 22:19:35 +0000"
    },
    "done": true
  },
  "minecraft:recipes/misc/bowl": {
    "criteria": {
      "has_brown_mushroom": "2024-06-09 22:26:13 +0000"
    },
    "done": true
  },
  "doggytalents:recipes/decorations/sunglasses": {
    "criteria": {
      "has_stick": "2024-06-09 22:18:33 +0000"
    },
    "done": true
  },
  "minecraft:recipes/tools/wooden_axe": {
    "criteria": {
      "has_stick": "2024-06-09 22:18:33 +0000"
    },
    "done": true
  },
  "minecraft:recipes/decorations/spruce_sign": {
    "criteria": {
      "has_planks": "2024-06-09 22:19:35 +0000"
    },
    "done": true
  },
  "cfm:recipes/decorations/black_sofa": {
    "criteria": {
      "has_wool": "2024-06-09 22:32:35 +0000"
    },
    "done": true
  },
  "cfm:recipes/decorations/dark_oak_upgraded_gate": {
    "criteria": {
      "has_log": "2024-06-09 22:16:38 +0000"
    },
    "done": true
  },
  "minecraft:recipes/decorations/painting": {
    "criteria": {
      "has_wool": "2024-06-09 22:32:35 +0000"
    },
    "done": true
  },
  "minecraft:recipes/decorations/black_carpet": {
    "criteria": {
      "has_black_wool": "2024-06-09 22:32:35 +0000"
    },
    "done": true
  },
  "minecraft:recipes/building_blocks/blue_concrete_powder": {
    "criteria": {
      "has_gravel": "2024-06-09 22:41:00 +0000"
    },
    "done": true
  },
  "cfm:recipes/decorations/stripped_dark_oak_crate": {
    "criteria": {
      "has_planks": "2024-06-09 22:16:38 +0000"
    },
    "done": true
  },
  "minecraft:recipes/transportation/spruce_chest_boat": {
    "criteria": {
      "has_boat": "2024-06-09 22:47:57 +0000"
    },
    "done": true
  },
  "minecraft:recipes/decorations/composter": {
    "criteria": {
      "has_wood_slab": "2024-06-09 23:46:29 +0000"
    },
    "done": true
  },
  "doggytalents:recipes/decorations/guard_suit": {
    "criteria": {
      "has_string": "2024-06-09 22:46:23 +0000"
    },
    "done": true
  },
  "cfm:recipes/decorations/spruce_blinds": {
    "criteria": {
      "has_log": "2024-06-09 22:18:49 +0000"
    },
    "done": true
  },
  "doggytalents:recipes/decorations/giant_stick": {
    "criteria": {
      "has_stick": "2024-06-09 22:18:33 +0000"
    },
    "done": true
  },
  "cfm:recipes/decorations/dark_oak_park_bench": {
    "criteria": {
      "has_log": "2024-06-09 22:16:38 +0000"
    },
    "done": true
  },
  "farmersdelight:recipes/cooking/vegetable_noodles": {
    "criteria": {
      "has_any_ingredient": "2024-06-09 22:26:13 +0000"
    },
    "done": true
  },
  "minecraft:recipes/tools/fishing_rod": {
    "criteria": {
      "has_string": "2024-06-09 22:46:23 +0000"
    },
    "done": true
  },
  "minecraft:recipes/decorations/chest": {
    "criteria": {
      "has_lots_of_items": "2024-06-09 22:18:50 +0000"
    },
    "done": true
  },
  "cfm:recipes/decorations/black_trampoline": {
    "criteria": {
      "has_wool": "2024-06-09 22:32:35 +0000"
    },
    "done": true
  },
  "minecraft:recipes/redstone/dark_oak_button": {
    "criteria": {
      "has_planks": "2024-06-09 22:17:59 +0000"
    },
    "done": true
  },
  "minecraft:recipes/misc/stick": {
    "criteria": {
      "has_planks": "2024-06-09 22:17:59 +0000"
    },
    "done": true
  },
  "cfm:recipes/decorations/stripped_spruce_crate": {
    "criteria": {
      "has_planks": "2024-06-09 22:18:49 +0000"
    },
    "done": true
  },
  "cfm:recipes/decorations/dark_oak_kitchen_sink_dark": {
    "criteria": {
      "has_bottom": "2024-06-09 22:17:59 +0000"
    },
    "done": true
  },
  "doggytalents:recipes/tools/throw_bone": {
    "criteria": {
      "has_bone": "2024-06-09 22:43:58 +0000"
    },
    "done": true
  },
  "minecraft:recipes/transportation/jungle_chest_boat": {
    "criteria": {
      "has_boat": "2024-06-09 22:47:57 +0000"
    },
    "done": true
  },
  "minecraft:recipes/transportation/acacia_chest_boat": {
    "criteria": {
      "has_boat": "2024-06-09 22:47:57 +0000"
    },
    "done": true
  },
  "cfm:recipes/decorations/stripped_dark_oak_cabinet": {
    "criteria": {
      "has_log": "2024-06-09 22:16:38 +0000"
    },
    "done": true
  },
  "minecraft:recipes/building_blocks/cobblestone_slab_from_cobblestone_stonecutting": {
    "criteria": {
      "has_cobblestone": "2024-06-09 22:31:01 +0000"
    },
    "done": true
  },
  "minecraft:recipes/transportation/cherry_boat": {
    "criteria": {
      "in_water": "2024-06-09 22:29:36 +0000"
    },
    "done": true
  },
  "minecraft:recipes/building_blocks/white_concrete_powder": {
    "criteria": {
      "has_gravel": "2024-06-09 22:41:00 +0000"
    },
    "done": true
  },
  "minecraft:adventure/kill_all_mobs": {
    "criteria": {
      "minecraft:skeleton": "2024-06-09 22:43:57 +0000",
      "minecraft:spider": "2024-06-09 22:46:23 +0000",
      "minecraft:zombie": "2024-06-09 22:44:05 +0000"
    },
    "done": false
  },
  "cfm:recipes/decorations/spruce_cabinet": {
    "criteria": {
      "has_log": "2024-06-09 22:18:49 +0000"
    },
    "done": true
  },
  "doggytalents:recipes/decorations/locator_orb_rei": {
    "criteria": {
      "has_string": "2024-06-09 22:46:23 +0000"
    },
    "done": true
  },
  "iceandfire:recipes/misc/dragon_flute": {
    "criteria": {
      "has_item": "2024-06-09 23:00:56 +0000"
    },
    "done": true
  },
  "cfm:recipes/decorations/spruce_desk": {
    "criteria": {
      "has_log": "2024-06-09 22:18:49 +0000"
    },
    "done": true
  },
  "minecraft:recipes/building_blocks/spruce_wood": {
    "criteria": {
      "has_log": "2024-06-09 22:18:49 +0000"
    },
    "done": true
  },
  "minecraft:recipes/transportation/mangrove_chest_boat": {
    "criteria": {
      "has_boat": "2024-06-09 22:47:57 +0000"
    },
    "done": true
  },
  "minecraft:recipes/decorations/black_banner": {
    "criteria": {
      "has_black_wool": "2024-06-09 22:32:35 +0000"
    },
    "done": true
  },
  "doggytalents:recipes/decorations/lab_coat": {
    "criteria": {
      "has_wool": "2024-06-09 22:32:35 +0000"
    },
    "done": true
  },
  "minecraft:recipes/redstone/tripwire_hook": {
    "criteria": {
      "has_string": "2024-06-09 22:46:23 +0000"
    },
    "done": true
  },
  "minecraft:recipes/misc/bone_meal": {
    "criteria": {
      "has_bone": "2024-06-09 22:43:58 +0000"
    },
    "done": true
  },
  "cfm:recipes/decorations/dark_oak_coffee_table": {
    "criteria": {
      "has_log": "2024-06-09 22:16:38 +0000"
    },
    "done": true
  },
  "iceandfire:recipes/tools/dragonbone_axe": {
    "criteria": {
      "has_item": "2024-06-09 23:00:56 +0000"
    },
    "done": true
  },
  "minecraft:recipes/building_blocks/stone": {
    "criteria": {
      "has_cobblestone": "2024-06-09 22:31:01 +0000"
    },
    "done": true
  },
  "iceandfire:recipes/misc/earplugs": {
    "criteria": {
      "has_item": "2024-06-09 22:17:59 +0000"
    },
    "done": true
  },
  "minecraft:recipes/transportation/bamboo_raft": {
    "criteria": {
      "in_water": "2024-06-09 22:29:36 +0000"
    },
    "done": true
  },
  "doggytalents:recipes/decorations/wig": {
    "criteria": {
      "has_string": "2024-06-09 22:46:23 +0000"
    },
    "done": true
  },
  "cfm:recipes/decorations/stripped_spruce_park_bench": {
    "criteria": {
      "has_log": "2024-06-09 22:18:49 +0000"
    },
    "done": true
  },
  "cfm:recipes/decorations/dark_oak_kitchen_sink_light": {
    "criteria": {
      "has_bottom": "2024-06-09 22:17:59 +0000"
    },
    "done": true
  },
  "mca:recipes/misc/needle_and_thread": {
    "criteria": {
      "has_item": "2024-06-09 22:46:23 +0000"
    },
    "done": true
  },
  "minecraft:recipes/decorations/candle": {
    "criteria": {
      "has_string": "2024-06-09 22:46:23 +0000"
    },
    "done": true
  },
  "minecraft:recipes/transportation/spruce_boat": {
    "criteria": {
      "in_water": "2024-06-09 22:29:36 +0000"
    },
    "done": true
  },
  "doggytalents:recipes/decorations/wool_collar_thicc": {
    "criteria": {
      "has_string": "2024-06-09 22:46:23 +0000"
    },
    "done": true
  },
  "cfm:recipes/decorations/stripped_dark_oak_chair": {
    "criteria": {
      "has_planks": "2024-06-09 22:16:38 +0000"
    },
    "done": true
  },
  "cfm:recipes/decorations/spruce_crate": {
    "criteria": {
      "has_log": "2024-06-09 22:18:49 +0000"
    },
    "done": true
  },
  "cfm:recipes/decorations/dark_oak_kitchen_drawer": {
    "criteria": {
      "has_log": "2024-06-09 22:16:38 +0000"
    },
    "done": true
  },
  "minecraft:recipes/transportation/oak_chest_boat": {
    "criteria": {
      "has_boat": "2024-06-09 22:47:57 +0000"
    },
    "done": true
  },
  "minecraft:husbandry/root": {
    "criteria": {
      "consumed_item": "2024-06-09 22:36:47 +0000"
    },
    "done": true
  },
  "minecraft:recipes/transportation/birch_boat": {
    "criteria": {
      "in_water": "2024-06-09 22:29:36 +0000"
    },
    "done": true
  },
  "minecraft:recipes/decorations/spruce_fence": {
    "criteria": {
      "has_planks": "2024-06-09 22:19:35 +0000"
    },
    "done": true
  },
  "minecraft:recipes/building_blocks/dark_oak_stairs": {
    "criteria": {
      "has_planks": "2024-06-09 22:17:59 +0000"
    },
    "done": true
  },
  "minecraft:recipes/decorations/white_carpet": {
    "criteria": {
      "has_white_wool": "2024-06-09 22:32:40 +0000"
    },
    "done": true
  },
  "minecraft:recipes/transportation/cherry_chest_boat": {
    "criteria": {
      "has_boat": "2024-06-09 22:47:57 +0000"
    },
    "done": true
  },
  "minecraft:recipes/transportation/birch_chest_boat": {
    "criteria": {
      "has_boat": "2024-06-09 22:47:57 +0000"
    },
    "done": true
  },
  "minecraft:recipes/transportation/oak_boat": {
    "criteria": {
      "in_water": "2024-06-09 22:29:36 +0000"
    },
    "done": true
  },
  "iceandfire:recipes/tools/dragonbone_pickaxe": {
    "criteria": {
      "has_item": "2024-06-09 23:00:56 +0000"
    },
    "done": true
  },
  "farmersdelight:main/plant_all_crops": {
    "criteria": {
      "sweet_berries": "2024-06-09 22:36:49 +0000",
      "brown_mushroom": "2024-06-09 22:26:13 +0000"
    },
    "done": false
  },
  "cfm:recipes/decorations/stripped_spruce_cabinet": {
    "criteria": {
      "has_log": "2024-06-09 22:18:49 +0000"
    },
    "done": true
  },
  "minecraft:recipes/building_blocks/coal_block": {
    "criteria": {
      "has_coal": "2024-06-09 23:47:17 +0000"
    },
    "done": true
  },
  "minecraft:recipes/building_blocks/spruce_slab": {
    "criteria": {
      "has_planks": "2024-06-09 22:19:35 +0000"
    },
    "done": true
  },
  "doggytalents:recipes/decorations/locator_orb_shin": {
    "criteria": {
      "has_string": "2024-06-09 22:46:23 +0000"
    },
    "done": true
  },
  "minecraft:recipes/redstone/dark_oak_pressure_plate": {
    "criteria": {
      "has_planks": "2024-06-09 22:17:59 +0000"
    },
    "done": true
  },
  "cfm:recipes/decorations/stripped_dark_oak_coffee_table": {
    "criteria": {
      "has_planks": "2024-06-09 22:16:38 +0000"
    },
    "done": true
  },
  "cfm:recipes/decorations/spruce_upgraded_gate": {
    "criteria": {
      "has_log": "2024-06-09 22:18:49 +0000"
    },
    "done": true
  },
  "cfm:recipes/decorations/dark_oak_crate": {
    "criteria": {
      "has_log": "2024-06-09 22:16:38 +0000"
    },
    "done": true
  },
  "cfm:recipes/decorations/stripped_spruce_coffee_table": {
    "criteria": {
      "has_planks": "2024-06-09 22:18:49 +0000"
    },
    "done": true
  },
  "minecraft:recipes/decorations/dark_oak_fence": {
    "criteria": {
      "has_planks": "2024-06-09 22:17:59 +0000"
    },
    "done": true
  },
  "iceandfire:recipes/misc/skull_to_bone_meal": {
    "criteria": {
      "has_item": "2024-06-09 23:02:44 +0000"
    },
    "done": true
  },
  "minecraft:recipes/building_blocks/lime_concrete_powder": {
    "criteria": {
      "has_gravel": "2024-06-09 22:41:00 +0000"
    },
    "done": true
  },
  "doggytalents:recipes/tools/empty_locator_orb": {
    "criteria": {
      "has_string": "2024-06-09 22:46:23 +0000"
    },
    "done": true
  },
  "minecraft:recipes/building_blocks/dark_oak_slab": {
    "criteria": {
      "has_planks": "2024-06-09 22:17:59 +0000"
    },
    "done": true
  },
  "minecraft:recipes/transportation/mangrove_boat": {
    "criteria": {
      "in_water": "2024-06-09 22:29:36 +0000"
    },
    "done": true
  },
  "minecraft:recipes/redstone/spruce_button": {
    "criteria": {
      "has_planks": "2024-06-09 22:19:35 +0000"
    },
    "done": true
  },
  "minecraft:recipes/building_blocks/dark_oak_planks": {
    "criteria": {
      "has_log": "2024-06-09 22:16:38 +0000"
    },
    "done": true
  },
  "doggytalents:recipes/decorations/bach_wig": {
    "criteria": {
      "has_string": "2024-06-09 22:46:23 +0000"
    },
    "done": true
  },
  "minecraft:recipes/redstone/dark_oak_door": {
    "criteria": {
      "has_planks": "2024-06-09 22:17:59 +0000"
    },
    "done": true
  },
  "doggytalents:recipes/decorations/baker_hat": {
    "criteria": {
      "has_bread": "2024-06-09 23:06:57 +0000"
    },
    "done": true
  },
  "doggytalents:recipes/decorations/beastars_uniform_male": {
    "criteria": {
      "has_wool": "2024-06-09 22:32:40 +0000"
    },
    "done": true
  },
  "cfm:recipes/decorations/dark_oak_upgraded_fence": {
    "criteria": {
      "has_log": "2024-06-09 22:16:38 +0000"
    },
    "done": true
  },
  "iceandfire:recipes/misc/nest": {
    "criteria": {
      "has_item": "2024-06-09 23:00:56 +0000"
    },
    "done": true
  },
  "minecraft:recipes/building_blocks/spruce_planks": {
    "criteria": {
      "has_logs": "2024-06-09 22:18:49 +0000"
    },
    "done": true
  },
  "cfm:recipes/decorations/white_trampoline": {
    "criteria": {
      "has_wool": "2024-06-09 22:32:40 +0000"
    },
    "done": true
  },
  "minecraft:recipes/decorations/black_bed": {
    "criteria": {
      "has_black_wool": "2024-06-09 22:32:35 +0000"
    },
    "done": true
  },
  "minecraft:recipes/transportation/dark_oak_chest_boat": {
    "criteria": {
      "has_boat": "2024-06-09 22:47:57 +0000"
    },
    "done": true
  },
  "minecraft:recipes/building_blocks/orange_concrete_powder": {
    "criteria": {
      "has_gravel": "2024-06-09 22:41:00 +0000"
    },
    "done": true
  },
  "minecraft:husbandry/tame_an_animal": {
    "criteria": {
      "tamed_animal": "2024-06-09 22:57:20 +0000"
    },
    "done": true
  },
  "doggytalents:recipes/decorations/tengu_mask": {
    "criteria": {
      "has_string": "2024-06-09 22:46:23 +0000"
    },
    "done": true
  },
  "minecraft:recipes/transportation/bamboo_chest_raft": {
    "criteria": {
      "has_boat": "2024-06-09 22:47:57 +0000"
    },
    "done": true
  },
  "cfm:recipes/decorations/stripped_spruce_chair": {
    "criteria": {
      "has_planks": "2024-06-09 22:18:49 +0000"
    },
    "done": true
  },
  "iceandfire:recipes/combat/dragonbone_bow": {
    "criteria": {
      "has_item": "2024-06-09 23:00:56 +0000"
    },
    "done": true
  },
  "minecraft:recipes/redstone/spruce_pressure_plate": {
    "criteria": {
      "has_planks": "2024-06-09 22:19:35 +0000"
    },
    "done": true
  },
  "cfm:recipes/decorations/dark_oak_bedside_cabinet": {
    "criteria": {
      "has_log": "2024-06-09 22:16:38 +0000"
    },
    "done": true
  },
  "minecraft:recipes/tools/stone_pickaxe": {
    "criteria": {
      "has_cobblestone": "2024-06-09 22:31:01 +0000"
    },
    "done": true
  },
  "cfm:recipes/decorations/spruce_kitchen_sink_dark": {
    "criteria": {
      "has_bottom": "2024-06-09 22:19:35 +0000"
    },
    "done": true
  },
  "minecraft:recipes/building_blocks/magenta_concrete_powder": {
    "criteria": {
      "has_gravel": "2024-06-09 22:41:00 +0000"
    },
    "done": true
  },
  "cfm:recipes/decorations/stripped_dark_oak_table": {
    "criteria": {
      "has_planks": "2024-06-09 22:16:38 +0000"
    },
    "done": true
  },
  "minecraft:recipes/decorations/campfire": {
    "criteria": {
      "has_stick": "2024-06-09 22:18:33 +0000"
    },
    "done": true
  },
  "dungeons_arise:find_abandoned_temple": {
    "criteria": {
      "location0": "2024-06-09 22:17:17 +0000"
    },
    "done": true
  },
  "doggytalents:recipes/decorations/conan_suit": {
    "criteria": {
      "has_wool": "2024-06-09 22:32:40 +0000"
    },
    "done": true
  },
  "minecraft:recipes/tools/wooden_hoe": {
    "criteria": {
      "has_stick": "2024-06-09 22:18:33 +0000"
    },
    "done": true
  },
  "cfm:recipes/decorations/spruce_bedside_cabinet": {
    "criteria": {
      "has_log": "2024-06-09 22:18:49 +0000"
    },
    "done": true
  },
  "minecraft:recipes/decorations/white_banner": {
    "criteria": {
      "has_white_wool": "2024-06-09 22:32:40 +0000"
    },
    "done": true
  },
  "dungeons_arise:find_bathhouse": {
    "criteria": {
      "location0": "2024-06-09 23:39:18 +0000"
    },
    "done": true
  },
  "minecraft:recipes/misc/charcoal": {
    "criteria": {
      "has_log": "2024-06-09 22:16:38 +0000"
    },
    "done": true
  },
  "doggytalents:recipes/decorations/locator_orb_jin": {
    "criteria": {
      "has_string": "2024-06-09 22:46:23 +0000"
    },
    "done": true
  },
  "minecraft:recipes/tools/wooden_pickaxe": {
    "criteria": {
      "has_stick": "2024-06-09 22:18:33 +0000"
    },
    "done": true
  },
  "minecraft:recipes/building_blocks/dark_oak_wood": {
    "criteria": {
      "has_log": "2024-06-09 22:16:38 +0000"
    },
    "done": true
  },
  "cfm:recipes/decorations/stripped_dark_oak_kitchen_drawer": {
    "criteria": {
      "has_log": "2024-06-09 22:16:38 +0000"
    },
    "done": true
  },
  "iceandfire:recipes/building_blocks/dragon_bone_block": {
    "criteria": {
      "has_dragonbone": "2024-06-09 23:00:56 +0000"
    },
    "done": true
  },
  "cfm:recipes/decorations/dark_oak_chair": {
    "criteria": {
      "has_log": "2024-06-09 22:16:38 +0000"
    },
    "done": true
  },
  "doggytalents:recipes/decorations/wool_collar": {
    "criteria": {
      "has_string": "2024-06-09 22:46:23 +0000"
    },
    "done": true
  },
  "farmersdelight:recipes/cooking/bone_broth": {
    "criteria": {
      "has_bone": "2024-06-09 22:43:58 +0000"
    },
    "done": true
  },
  "doggytalents:recipes/misc/gender_bone": {
    "criteria": {
      "has_string": "2024-06-09 22:46:23 +0000"
    },
    "done": true
  },
  "cfm:recipes/decorations/dark_oak_cabinet": {
    "criteria": {
      "has_log": "2024-06-09 22:16:38 +0000"
    },
    "done": true
  },
  "doggytalents:recipes/decorations/kitsune_mask": {
    "criteria": {
      "has_string": "2024-06-09 22:46:23 +0000"
    },
    "done": true
  },
  "cfm:recipes/decorations/spruce_desk_cabinet": {
    "criteria": {
      "has_log": "2024-06-09 22:18:49 +0000"
    },
    "done": true
  },
  "cfm:recipes/decorations/stripped_dark_oak_desk": {
    "criteria": {
      "has_planks": "2024-06-09 22:16:38 +0000"
    },
    "done": true
  },
  "minecraft:recipes/redstone/spruce_trapdoor": {
    "criteria": {
      "has_planks": "2024-06-09 22:19:35 +0000"
    },
    "done": true
  },
  "cfm:recipes/decorations/spruce_upgraded_fence": {
    "criteria": {
      "has_log": "2024-06-09 22:18:49 +0000"
    },
    "done": true
  },
  "minecraft:recipes/redstone/spruce_door": {
    "criteria": {
      "has_planks": "2024-06-09 22:19:35 +0000"
    },
    "done": true
  },
  "minecraft:recipes/building_blocks/yellow_concrete_powder": {
    "criteria": {
      "has_gravel": "2024-06-09 22:41:00 +0000"
    },
    "done": true
  },
  "minecraft:recipes/redstone/spruce_fence_gate": {
    "criteria": {
      "has_planks": "2024-06-09 22:19:35 +0000"
    },
    "done": true
  },
  "cfm:recipes/decorations/spruce_kitchen_counter": {
    "criteria": {
      "has_log": "2024-06-09 22:18:49 +0000"
    },
    "done": true
  },
  "minecraft:recipes/tools/wooden_shovel": {
    "criteria": {
      "has_stick": "2024-06-09 22:18:33 +0000"
    },
    "done": true
  },
  "minecraft:recipes/building_blocks/cobblestone_slab": {
    "criteria": {
      "has_cobblestone": "2024-06-09 22:31:01 +0000"
    },
    "done": true
  },
  "cfm:recipes/decorations/stripped_spruce_desk": {
    "criteria": {
      "has_planks": "2024-06-09 22:18:49 +0000"
    },
    "done": true
  },
  "cfm:recipes/decorations/stripped_dark_oak_desk_cabinet": {
    "criteria": {
      "has_planks": "2024-06-09 22:16:38 +0000"
    },
    "done": true
  },
  "cfm:recipes/decorations/white_sofa": {
    "criteria": {
      "has_wool": "2024-06-09 22:32:40 +0000"
    },
    "done": true
  },
  "cfm:recipes/decorations/spruce_park_bench": {
    "criteria": {
      "has_log": "2024-06-09 22:18:49 +0000"
    },
    "done": true
  },
  "minecraft:recipes/transportation/acacia_boat": {
    "criteria": {
      "in_water": "2024-06-09 22:29:36 +0000"
    },
    "done": true
  },
  "minecraft:adventure/root": {
    "criteria": {
      "killed_something": "2024-06-09 22:32:35 +0000"
    },
    "done": true
  },
  "minecraft:recipes/building_blocks/white_wool_from_string": {
    "criteria": {
      "has_string": "2024-06-09 22:46:23 +0000"
    },
    "done": true
  },
  "iceandfire:recipes/tools/dragonbone_sword": {
    "criteria": {
      "has_item": "2024-06-09 23:00:56 +0000"
    },
    "done": true
  },
  "iceandfire:recipes/tools/dragonbone_hoe": {
    "criteria": {
      "has_item": "2024-06-09 23:00:56 +0000"
    },
    "done": true
  },
  "mca:recipes/building_blocks/headstones": {
    "criteria": {
      "has_ingredients": "2024-06-09 22:31:01 +0000"
    },
    "done": true
  },
  "doggytalents:recipes/decorations/locator_orb_chu": {
    "criteria": {
      "has_string": "2024-06-09 22:46:23 +0000"
    },
    "done": true
  },
  "cfm:recipes/decorations/stripped_spruce_kitchen_drawer": {
    "criteria": {
      "has_log": "2024-06-09 22:18:49 +0000"
    },
    "done": true
  },
  "doggytalents:recipes/decorations/locator_orb_chi": {
    "criteria": {
      "has_string": "2024-06-09 22:46:23 +0000"
    },
    "done": true
  },
  "minecraft:recipes/combat/wooden_sword": {
    "criteria": {
      "has_stick": "2024-06-09 22:18:33 +0000"
    },
    "done": true
  },
  "minecraft:recipes/building_blocks/gray_concrete_powder": {
    "criteria": {
      "has_gravel": "2024-06-09 22:41:00 +0000"
    },
    "done": true
  },
  "doggytalents:recipes/decorations/hot_dog": {
    "criteria": {
      "has_bread": "2024-06-09 23:06:57 +0000"
    },
    "done": true
  },
  "cfm:recipes/decorations/stripped_spruce_desk_cabinet": {
    "criteria": {
      "has_planks": "2024-06-09 22:18:49 +0000"
    },
    "done": true
  },
  "minecraft:recipes/building_blocks/black_concrete_powder": {
    "criteria": {
      "has_gravel": "2024-06-09 22:41:00 +0000"
    },
    "done": true
  },
  "cfm:recipes/decorations/dark_oak_desk": {
    "criteria": {
      "has_log": "2024-06-09 22:16:38 +0000"
    },
    "done": true
  },
  "minecraft:recipes/combat/crossbow": {
    "criteria": {
      "has_string": "2024-06-09 22:46:23 +0000"
    },
    "done": true
  },
  "minecraft:adventure/kill_a_mob": {
    "criteria": {
      "minecraft:skeleton": "2024-06-09 22:43:57 +0000"
    },
    "done": true
  },
  "doggytalents:recipes/tools/conducting_bone": {
    "criteria": {
      "has_bone": "2024-06-09 22:43:58 +0000"
    },
    "done": true
  },
  "doggytalents:recipes/decorations/locator_orb_tei": {
    "criteria": {
      "has_string": "2024-06-09 22:46:23 +0000"
    },
    "done": true
  },
  "minecraft:recipes/decorations/barrel": {
    "criteria": {
      "has_planks": "2024-06-09 22:17:59 +0000"
    },
    "done": true
  },
  "minecraft:recipes/decorations/cobblestone_wall_from_cobblestone_stonecutting": {
    "criteria": {
      "has_cobblestone": "2024-06-09 22:31:01 +0000"
    },
    "done": true
  },
  "farmersdelight:recipes/food/sweet_berry_cookie": {
    "criteria": {
      "has_sweet_berries": "2024-06-09 22:36:28 +0000"
    },
    "done": true
  },
  "cfm:recipes/decorations/spruce_kitchen_drawer": {
    "criteria": {
      "has_log": "2024-06-09 22:18:49 +0000"
    },
    "done": true
  },
  "minecraft:recipes/building_blocks/cobblestone_stairs_from_cobblestone_stonecutting": {
    "criteria": {
      "has_cobblestone": "2024-06-09 22:31:01 +0000"
    },
    "done": true
  },
  "minecraft:recipes/decorations/white_bed": {
    "criteria": {
      "has_white_wool": "2024-06-09 22:32:40 +0000"
    },
    "done": true
  },
  "doggytalents:recipes/decorations/dog_plushie_toy_item": {
    "criteria": {
      "has_white_wool": "2024-06-09 22:32:40 +0000"
    },
    "done": true
  },
  "farmersdelight:recipes/decorations/cutting_board": {
    "criteria": {
      "has_stick": "2024-06-09 22:18:33 +0000"
    },
    "done": true
  },
  "minecraft:recipes/food/mushroom_stew": {
    "criteria": {
      "has_brown_mushroom": "2024-06-09 22:26:13 +0000"
    },
    "done": true
  },
  "minecraft:husbandry/balanced_diet": {
    "criteria": {
      "sweet_berries": "2024-06-09 22:36:47 +0000",
      "bread": "2024-06-09 23:08:34 +0000"
    },
    "done": false
  },
  "minecraft:recipes/building_blocks/cobblestone_stairs": {
    "criteria": {
      "has_cobblestone": "2024-06-09 22:31:01 +0000"
    },
    "done": true
  },
  "minecraft:recipes/building_blocks/purple_concrete_powder": {
    "criteria": {
      "has_gravel": "2024-06-09 22:41:00 +0000"
    },
    "done": true
  },
  "iceandfire:recipes/misc/dragon_horn": {
    "criteria": {
      "has_item": "2024-06-09 23:00:56 +0000"
    },
    "done": true
  },
  "doggytalents:recipes/decorations/locator_orb_ko": {
    "criteria": {
      "has_string": "2024-06-09 22:46:23 +0000"
    },
    "done": true
  },
  "minecraft:recipes/tools/stone_hoe": {
    "criteria": {
      "has_cobblestone": "2024-06-09 22:31:01 +0000"
    },
    "done": true
  },
  "cfm:recipes/decorations/dark_oak_table": {
    "criteria": {
      "has_log": "2024-06-09 22:16:38 +0000"
    },
    "done": true
  },
  "minecraft:recipes/decorations/dark_oak_sign": {
    "criteria": {
      "has_planks": "2024-06-09 22:17:59 +0000"
    },
    "done": true
  },
  "minecraft:recipes/building_blocks/spruce_stairs": {
    "criteria": {
      "has_planks": "2024-06-09 22:19:35 +0000"
    },
    "done": true
  },
  "iceandfire:recipes/misc/dragon_stick": {
    "criteria": {
      "has_item": "2024-06-09 23:02:44 +0000"
    },
    "done": true
  },
  "minecraft:recipes/building_blocks/cyan_concrete_powder": {
    "criteria": {
      "has_gravel": "2024-06-09 22:41:00 +0000"
    },
    "done": true
  },
  "doggytalents:recipes/building_blocks/dog_bed_def": {
    "criteria": {
      "has_wool": "2024-06-09 22:32:35 +0000"
    },
    "done": true
  },
  "minecraft:recipes/decorations/loom": {
    "criteria": {
      "has_string": "2024-06-09 22:46:23 +0000"
    },
    "done": true
  },
  "aquamirae:adventure/root": {
    "criteria": {
      "crafting_table": "2024-06-09 22:18:26 +0000"
    },
    "done": true
  },
  "doggytalents:recipes/decorations/locator_orb_gi": {
    "criteria": {
      "has_string": "2024-06-09 22:46:23 +0000"
    },
    "done": true
  },
  "minecraft:recipes/tools/stone_shovel": {
    "criteria": {
      "has_cobblestone": "2024-06-09 22:31:01 +0000"
    },
    "done": true
  },
  "cfm:recipes/decorations/stripped_spruce_bedside_cabinet": {
    "criteria": {
      "has_planks": "2024-06-09 22:18:49 +0000"
    },
    "done": true
  },
  "cfm:recipes/decorations/dark_oak_kitchen_counter": {
    "criteria": {
      "has_log": "2024-06-09 22:16:38 +0000"
    },
    "done": true
  },
  "cfm:recipes/decorations/stripped_spruce_table": {
    "criteria": {
      "has_planks": "2024-06-09 22:18:49 +0000"
    },
    "done": true
  },
  "minecraft:story/root": {
    "criteria": {
      "crafting_table": "2024-06-09 22:18:26 +0000"
    },
    "done": true
  },
  "minecraft:recipes/transportation/jungle_boat": {
    "criteria": {
      "in_water": "2024-06-09 22:29:36 +0000"
    },
    "done": true
  },
  "doggytalents:recipes/decorations/beastars_uniform_female": {
    "criteria": {
      "has_wool": "2024-06-09 22:32:40 +0000"
    },
    "done": true
  },
  "minecraft:recipes/transportation/dark_oak_boat": {
    "criteria": {
      "in_water": "2024-06-09 22:29:36 +0000"
    },
    "done": true
  },
  "doggytalents:recipes/decorations/locator_orb_dyable": {
    "criteria": {
      "has_string": "2024-06-09 22:46:23 +0000"
    },
    "done": true
  },
  "cfm:recipes/decorations/spruce_table": {
    "criteria": {
      "has_log": "2024-06-09 22:18:49 +0000"
    },
    "done": true
  },
  "DataVersion": 3465
}