{
  "weaponmaster:parts/root": {
    "criteria": {
      "crafting_table": "2024-06-09 22:22:13 +0000"
    },
    "done": true
  },
  "farmersdelight:main/root": {
    "criteria": {
      "seeds": "2024-06-09 22:22:13 +0000"
    },
    "done": true
  },
  "minecraft:recipes/decorations/crafting_table": {
    "criteria": {
      "unlock_right_away": "2024-06-09 22:22:14 +0000"
    },
    "done": true
  },
  "mowziesmobs:root": {
    "criteria": {
      "custom_test_name": "2024-06-09 22:22:14 +0000"
    },
    "done": true
  },
  "cataclysm:root": {
    "criteria": {
      "custom_test_name": "2024-06-09 22:22:14 +0000"
    },
    "done": true
  },
  "iceandfire:iceandfire/root": {
    "criteria": {
      "tick": "2024-06-09 22:22:14 +0000"
    },
    "done": true
  },
  "dungeons_arise:wda_root": {
    "criteria": {
      "WDA": "2024-06-09 22:22:14 +0000"
    },
    "done": true
  },
  "minecraft:adventure/adventuring_time": {
    "criteria": {
      "minecraft:old_growth_pine_taiga": "2024-06-09 22:36:43 +0000",
      "minecraft:taiga": "2024-06-09 22:22:14 +0000",
      "minecraft:frozen_river": "2024-06-09 22:49:56 +0000",
      "minecraft:dark_forest": "2024-06-09 22:35:30 +0000",
      "minecraft:river": "2024-06-09 22:24:28 +0000",
      "minecraft:lush_caves": "2024-06-09 22:25:28 +0000",
      "minecraft:frozen_ocean": "2024-06-09 22:48:47 +0000",
      "minecraft:snowy_beach": "2024-06-09 22:49:43 +0000",
      "minecraft:frozen_peaks": "2024-06-09 22:25:03 +0000"
    },
    "done": false
  },
  "cfm:recipes/decorations/stripped_spruce_kitchen_counter": {
    "criteria": {
      "has_log": "2024-06-09 22:23:03 +0000"
    },
    "done": true
  },
  "cfm:recipes/decorations/spruce_coffee_table": {
    "criteria": {
      "has_log": "2024-06-09 22:23:03 +0000"
    },
    "done": true
  },
  "cfm:recipes/decorations/spruce_chair": {
    "criteria": {
      "has_log": "2024-06-09 22:23:03 +0000"
    },
    "done": true
  },
  "cfm:recipes/decorations/spruce_blinds": {
    "criteria": {
      "has_log": "2024-06-09 22:23:03 +0000"
    },
    "done": true
  },
  "cfm:recipes/decorations/stripped_spruce_crate": {
    "criteria": {
      "has_planks": "2024-06-09 22:23:03 +0000"
    },
    "done": true
  },
  "cfm:recipes/decorations/spruce_cabinet": {
    "criteria": {
      "has_log": "2024-06-09 22:23:03 +0000"
    },
    "done": true
  },
  "cfm:recipes/decorations/spruce_desk": {
    "criteria": {
      "has_log": "2024-06-09 22:23:03 +0000"
    },
    "done": true
  },
  "minecraft:recipes/building_blocks/spruce_wood": {
    "criteria": {
      "has_log": "2024-06-09 22:23:03 +0000"
    },
    "done": true
  },
  "cfm:recipes/decorations/stripped_spruce_park_bench": {
    "criteria": {
      "has_log": "2024-06-09 22:23:03 +0000"
    },
    "done": true
  },
  "cfm:recipes/decorations/spruce_crate": {
    "criteria": {
      "has_log": "2024-06-09 22:23:03 +0000"
    },
    "done": true
  },
  "cfm:recipes/decorations/stripped_spruce_cabinet": {
    "criteria": {
      "has_log": "2024-06-09 22:23:03 +0000"
    },
    "done": true
  },
  "cfm:recipes/decorations/spruce_upgraded_gate": {
    "criteria": {
      "has_log": "2024-06-09 22:23:03 +0000"
    },
    "done": true
  },
  "cfm:recipes/decorations/stripped_spruce_coffee_table": {
    "criteria": {
      "has_planks": "2024-06-09 22:23:03 +0000"
    },
    "done": true
  },
  "minecraft:recipes/building_blocks/spruce_planks": {
    "criteria": {
      "has_logs": "2024-06-09 22:23:03 +0000"
    },
    "done": true
  },
  "cfm:recipes/decorations/stripped_spruce_chair": {
    "criteria": {
      "has_planks": "2024-06-09 22:23:03 +0000"
    },
    "done": true
  },
  "cfm:recipes/decorations/spruce_bedside_cabinet": {
    "criteria": {
      "has_log": "2024-06-09 22:23:03 +0000"
    },
    "done": true
  },
  "minecraft:recipes/misc/charcoal": {
    "criteria": {
      "has_log": "2024-06-09 22:23:03 +0000"
    },
    "done": true
  },
  "cfm:recipes/decorations/spruce_desk_cabinet": {
    "criteria": {
      "has_log": "2024-06-09 22:23:03 +0000"
    },
    "done": true
  },
  "cfm:recipes/decorations/spruce_upgraded_fence": {
    "criteria": {
      "has_log": "2024-06-09 22:23:03 +0000"
    },
    "done": true
  },
  "cfm:recipes/decorations/spruce_kitchen_counter": {
    "criteria": {
      "has_log": "2024-06-09 22:23:03 +0000"
    },
    "done": true
  },
  "cfm:recipes/decorations/stripped_spruce_desk": {
    "criteria": {
      "has_planks": "2024-06-09 22:23:03 +0000"
    },
    "done": true
  },
  "cfm:recipes/decorations/spruce_park_bench": {
    "criteria": {
      "has_log": "2024-06-09 22:23:03 +0000"
    },
    "done": true
  },
  "cfm:recipes/decorations/stripped_spruce_kitchen_drawer": {
    "criteria": {
      "has_log": "2024-06-09 22:23:03 +0000"
    },
    "done": true
  },
  "cfm:recipes/decorations/stripped_spruce_desk_cabinet": {
    "criteria": {
      "has_planks": "2024-06-09 22:23:03 +0000"
    },
    "done": true
  },
  "cfm:recipes/decorations/spruce_kitchen_drawer": {
    "criteria": {
      "has_log": "2024-06-09 22:23:03 +0000"
    },
    "done": true
  },
  "cfm:recipes/decorations/stripped_spruce_bedside_cabinet": {
    "criteria": {
      "has_planks": "2024-06-09 22:23:03 +0000"
    },
    "done": true
  },
  "cfm:recipes/decorations/stripped_spruce_table": {
    "criteria": {
      "has_planks": "2024-06-09 22:23:03 +0000"
    },
    "done": true
  },
  "cfm:recipes/decorations/spruce_table": {
    "criteria": {
      "has_log": "2024-06-09 22:23:03 +0000"
    },
    "done": true
  },
  "cfm:recipes/decorations/spruce_kitchen_sink_light": {
    "criteria": {
      "has_bottom": "2024-06-09 22:23:24 +0000"
    },
    "done": true
  },
  "minecraft:recipes/decorations/spruce_sign": {
    "criteria": {
      "has_planks": "2024-06-09 22:23:24 +0000"
    },
    "done": true
  },
  "minecraft:recipes/misc/stick": {
    "criteria": {
      "has_planks": "2024-06-09 22:23:24 +0000"
    },
    "done": true
  },
  "iceandfire:recipes/misc/earplugs": {
    "criteria": {
      "has_item": "2024-06-09 22:23:24 +0000"
    },
    "done": true
  },
  "minecraft:recipes/decorations/spruce_fence": {
    "criteria": {
      "has_planks": "2024-06-09 22:23:24 +0000"
    },
    "done": true
  },
  "minecraft:recipes/building_blocks/spruce_slab": {
    "criteria": {
      "has_planks": "2024-06-09 22:23:24 +0000"
    },
    "done": true
  },
  "minecraft:recipes/redstone/spruce_button": {
    "criteria": {
      "has_planks": "2024-06-09 22:23:24 +0000"
    },
    "done": true
  },
  "minecraft:recipes/redstone/spruce_pressure_plate": {
    "criteria": {
      "has_planks": "2024-06-09 22:23:24 +0000"
    },
    "done": true
  },
  "cfm:recipes/decorations/spruce_kitchen_sink_dark": {
    "criteria": {
      "has_bottom": "2024-06-09 22:23:24 +0000"
    },
    "done": true
  },
  "minecraft:recipes/redstone/spruce_trapdoor": {
    "criteria": {
      "has_planks": "2024-06-09 22:23:24 +0000"
    },
    "done": true
  },
  "minecraft:recipes/redstone/spruce_door": {
    "criteria": {
      "has_planks": "2024-06-09 22:23:24 +0000"
    },
    "done": true
  },
  "minecraft:recipes/redstone/spruce_fence_gate": {
    "criteria": {
      "has_planks": "2024-06-09 22:23:24 +0000"
    },
    "done": true
  },
  "minecraft:recipes/decorations/barrel": {
    "criteria": {
      "has_planks": "2024-06-09 22:23:24 +0000"
    },
    "done": true
  },
  "minecraft:recipes/building_blocks/spruce_stairs": {
    "criteria": {
      "has_planks": "2024-06-09 22:23:24 +0000"
    },
    "done": true
  },
  "aquamirae:adventure/root": {
    "criteria": {
      "crafting_table": "2024-06-09 22:23:27 +0000"
    },
    "done": true
  },
  "minecraft:story/root": {
    "criteria": {
      "crafting_table": "2024-06-09 22:23:27 +0000"
    },
    "done": true
  },
  "minecraft:recipes/decorations/ladder": {
    "criteria": {
      "has_stick": "2024-06-09 22:23:29 +0000"
    },
    "done": true
  },
  "farmersdelight:recipes/combat/flint_knife": {
    "criteria": {
      "has_stick": "2024-06-09 22:23:29 +0000"
    },
    "done": true
  },
  "doggytalents:recipes/decorations/sunglasses": {
    "criteria": {
      "has_stick": "2024-06-09 22:23:29 +0000"
    },
    "done": true
  },
  "minecraft:recipes/tools/wooden_axe": {
    "criteria": {
      "has_stick": "2024-06-09 22:23:29 +0000"
    },
    "done": true
  },
  "doggytalents:recipes/decorations/giant_stick": {
    "criteria": {
      "has_stick": "2024-06-09 22:23:29 +0000"
    },
    "done": true
  },
  "minecraft:recipes/decorations/campfire": {
    "criteria": {
      "has_stick": "2024-06-09 22:23:29 +0000"
    },
    "done": true
  },
  "minecraft:recipes/tools/wooden_hoe": {
    "criteria": {
      "has_stick": "2024-06-09 22:23:29 +0000"
    },
    "done": true
  },
  "minecraft:recipes/tools/wooden_pickaxe": {
    "criteria": {
      "has_stick": "2024-06-09 22:23:29 +0000"
    },
    "done": true
  },
  "minecraft:recipes/tools/wooden_shovel": {
    "criteria": {
      "has_stick": "2024-06-09 22:23:29 +0000"
    },
    "done": true
  },
  "minecraft:recipes/combat/wooden_sword": {
    "criteria": {
      "has_stick": "2024-06-09 22:23:29 +0000"
    },
    "done": true
  },
  "farmersdelight:recipes/decorations/cutting_board": {
    "criteria": {
      "has_stick": "2024-06-09 22:23:29 +0000"
    },
    "done": true
  },
  "minecraft:recipes/transportation/cherry_boat": {
    "criteria": {
      "in_water": "2024-06-09 22:24:27 +0000"
    },
    "done": true
  },
  "minecraft:recipes/transportation/bamboo_raft": {
    "criteria": {
      "in_water": "2024-06-09 22:24:27 +0000"
    },
    "done": true
  },
  "minecraft:recipes/transportation/spruce_boat": {
    "criteria": {
      "in_water": "2024-06-09 22:24:27 +0000"
    },
    "done": true
  },
  "minecraft:recipes/transportation/birch_boat": {
    "criteria": {
      "in_water": "2024-06-09 22:24:27 +0000"
    },
    "done": true
  },
  "minecraft:recipes/transportation/oak_boat": {
    "criteria": {
      "in_water": "2024-06-09 22:24:27 +0000"
    },
    "done": true
  },
  "minecraft:recipes/transportation/mangrove_boat": {
    "criteria": {
      "in_water": "2024-06-09 22:24:27 +0000"
    },
    "done": true
  },
  "minecraft:recipes/transportation/acacia_boat": {
    "criteria": {
      "in_water": "2024-06-09 22:24:27 +0000"
    },
    "done": true
  },
  "minecraft:recipes/transportation/jungle_boat": {
    "criteria": {
      "in_water": "2024-06-09 22:24:27 +0000"
    },
    "done": true
  },
  "minecraft:recipes/transportation/dark_oak_boat": {
    "criteria": {
      "in_water": "2024-06-09 22:24:27 +0000"
    },
    "done": true
  },
  "dungeons_arise:find_abandoned_temple": {
    "criteria": {
      "location0": "2024-06-09 22:24:49 +0000"
    },
    "done": true
  },
  "farmersdelight:recipes/cooking/glow_berry_custard": {
    "criteria": {
      "has_any_ingredient": "2024-06-09 22:25:36 +0000"
    },
    "done": true
  },
  "minecraft:husbandry/root": {
    "criteria": {
      "consumed_item": "2024-06-09 22:25:38 +0000"
    },
    "done": true
  },
  "minecraft:husbandry/balanced_diet": {
    "criteria": {
      "cooked_mutton": "2024-06-09 22:46:48 +0000",
      "sweet_berries": "2024-06-09 22:37:19 +0000",
      "apple": "2024-06-09 22:35:01 +0000",
      "bread": "2024-06-09 22:32:12 +0000",
      "glow_berries": "2024-06-09 22:25:38 +0000"
    },
    "done": false
  },
  "minecraft:recipes/redstone/lever": {
    "criteria": {
      "has_cobblestone": "2024-06-09 22:25:53 +0000"
    },
    "done": true
  },
  "minecraft:recipes/combat/stone_sword": {
    "criteria": {
      "has_cobblestone": "2024-06-09 22:25:53 +0000"
    },
    "done": true
  },
  "minecraft:recipes/decorations/cobblestone_wall": {
    "criteria": {
      "has_cobblestone": "2024-06-09 22:25:53 +0000"
    },
    "done": true
  },
  "minecraft:recipes/tools/stone_axe": {
    "criteria": {
      "has_cobblestone": "2024-06-09 22:25:53 +0000"
    },
    "done": true
  },
  "minecraft:story/mine_stone": {
    "criteria": {
      "get_stone": "2024-06-09 22:25:53 +0000"
    },
    "done": true
  },
  "minecraft:recipes/decorations/furnace": {
    "criteria": {
      "has_cobblestone": "2024-06-09 22:25:53 +0000"
    },
    "done": true
  },
  "minecraft:recipes/building_blocks/cobblestone_slab_from_cobblestone_stonecutting": {
    "criteria": {
      "has_cobblestone": "2024-06-09 22:25:53 +0000"
    },
    "done": true
  },
  "minecraft:recipes/building_blocks/stone": {
    "criteria": {
      "has_cobblestone": "2024-06-09 22:25:53 +0000"
    },
    "done": true
  },
  "minecraft:recipes/tools/stone_pickaxe": {
    "criteria": {
      "has_cobblestone": "2024-06-09 22:25:53 +0000"
    },
    "done": true
  },
  "minecraft:recipes/building_blocks/cobblestone_slab": {
    "criteria": {
      "has_cobblestone": "2024-06-09 22:25:53 +0000"
    },
    "done": true
  },
  "mca:recipes/building_blocks/headstones": {
    "criteria": {
      "has_ingredients": "2024-06-09 22:25:53 +0000"
    },
    "done": true
  },
  "minecraft:recipes/decorations/cobblestone_wall_from_cobblestone_stonecutting": {
    "criteria": {
      "has_cobblestone": "2024-06-09 22:25:53 +0000"
    },
    "done": true
  },
  "minecraft:recipes/building_blocks/cobblestone_stairs_from_cobblestone_stonecutting": {
    "criteria": {
      "has_cobblestone": "2024-06-09 22:25:53 +0000"
    },
    "done": true
  },
  "minecraft:recipes/building_blocks/cobblestone_stairs": {
    "criteria": {
      "has_cobblestone": "2024-06-09 22:25:53 +0000"
    },
    "done": true
  },
  "minecraft:recipes/tools/stone_hoe": {
    "criteria": {
      "has_cobblestone": "2024-06-09 22:25:53 +0000"
    },
    "done": true
  },
  "minecraft:recipes/tools/stone_shovel": {
    "criteria": {
      "has_cobblestone": "2024-06-09 22:25:53 +0000"
    },
    "done": true
  },
  "minecraft:recipes/decorations/torch": {
    "criteria": {
      "has_stone_pickaxe": "2024-06-09 22:25:57 +0000"
    },
    "done": true
  },
  "minecraft:story/upgrade_tools": {
    "criteria": {
      "stone_pickaxe": "2024-06-09 22:25:57 +0000"
    },
    "done": true
  },
  "minecraft:recipes/decorations/chest": {
    "criteria": {
      "has_lots_of_items": "2024-06-09 22:26:26 +0000"
    },
    "done": true
  },
  "minecraft:recipes/building_blocks/coal_block": {
    "criteria": {
      "has_coal": "2024-06-09 22:27:14 +0000"
    },
    "done": true
  },
  "iceandfire:recipes/tools/silver_ingot_from_smelting_raw_silver": {
    "criteria": {
      "has_raw_silver": "2024-06-09 22:27:29 +0000"
    },
    "done": true
  },
  "iceandfire:recipes/building_blocks/raw_silver_to_raw_silver_block": {
    "criteria": {
      "has_raw_silver": "2024-06-09 22:27:29 +0000"
    },
    "done": true
  },
  "iceandfire:recipes/tools/silver_ingot_from_blasting_raw_silver": {
    "criteria": {
      "has_raw_silver": "2024-06-09 22:27:29 +0000"
    },
    "done": true
  },
  "minecraft:recipes/building_blocks/mossy_cobblestone_from_moss_block": {
    "criteria": {
      "has_moss_block": "2024-06-09 22:27:46 +0000"
    },
    "done": true
  },
  "minecraft:recipes/decorations/moss_carpet": {
    "criteria": {
      "has_moss_block": "2024-06-09 22:27:46 +0000"
    },
    "done": true
  },
  "minecraft:recipes/building_blocks/mossy_stone_bricks_from_moss_block": {
    "criteria": {
      "has_moss_block": "2024-06-09 22:27:46 +0000"
    },
    "done": true
  },
  "minecraft:recipes/decorations/smoker": {
    "criteria": {
      "has_furnace": "2024-06-09 22:29:02 +0000"
    },
    "done": true
  },
  "iceandfire:recipes/misc/silver_ingot_to_silver_nugget": {
    "criteria": {
      "has_silver_ingot": "2024-06-09 22:29:36 +0000"
    },
    "done": true
  },
  "iceandfire:recipes/building_blocks/silver_ingot_to_silver_block": {
    "criteria": {
      "has_silver_ingot": "2024-06-09 22:29:36 +0000"
    },
    "done": true
  },
  "iceandfire:recipes/tools/silver_pickaxe": {
    "criteria": {
      "has_the_recipe": "2024-06-09 22:29:43 +0000"
    },
    "done": true
  },
  "doggytalents:recipes/tools/throw_bone": {
    "criteria": {
      "has_bone": "2024-06-09 22:31:48 +0000"
    },
    "done": true
  },
  "minecraft:recipes/misc/bone_meal": {
    "criteria": {
      "has_bone": "2024-06-09 22:31:48 +0000"
    },
    "done": true
  },
  "farmersdelight:recipes/cooking/bone_broth": {
    "criteria": {
      "has_bone": "2024-06-09 22:31:48 +0000"
    },
    "done": true
  },
  "doggytalents:recipes/tools/conducting_bone": {
    "criteria": {
      "has_bone": "2024-06-09 22:31:48 +0000"
    },
    "done": true
  },
  "minecraft:adventure/kill_all_mobs": {
    "criteria": {
      "minecraft:skeleton": "2024-06-09 22:31:52 +0000",
      "minecraft:vindicator": "2024-06-09 22:59:57 +0000",
      "minecraft:spider": "2024-06-09 22:39:29 +0000",
      "minecraft:evoker": "2024-06-09 22:41:43 +0000",
      "minecraft:enderman": "2024-06-09 22:55:04 +0000",
      "minecraft:zombie": "2024-06-09 22:37:00 +0000"
    },
    "done": false
  },
  "minecraft:adventure/root": {
    "criteria": {
      "killed_something": "2024-06-09 22:31:52 +0000"
    },
    "done": true
  },
  "minecraft:adventure/kill_a_mob": {
    "criteria": {
      "minecraft:skeleton": "2024-06-09 22:31:52 +0000"
    },
    "done": true
  },
  "minecraft:recipes/combat/iron_leggings": {
    "criteria": {
      "has_iron_ingot": "2024-06-09 22:31:57 +0000"
    },
    "done": true
  },
  "minecraft:recipes/combat/iron_chestplate": {
    "criteria": {
      "has_iron_ingot": "2024-06-09 22:31:57 +0000"
    },
    "done": true
  },
  "cfm:recipes/decorations/blue_grill": {
    "criteria": {
      "has_iron": "2024-06-09 22:31:57 +0000"
    },
    "done": true
  },
  "doggytalents:recipes/decorations/superdog_suit": {
    "criteria": {
      "has_iron_ingot": "2024-06-09 22:31:57 +0000"
    },
    "done": true
  },
  "cfm:recipes/decorations/light_blue_grill": {
    "criteria": {
      "has_iron": "2024-06-09 22:31:57 +0000"
    },
    "done": true
  },
  "minecraft:recipes/misc/iron_nugget": {
    "criteria": {
      "has_iron_ingot": "2024-06-09 22:31:57 +0000"
    },
    "done": true
  },
  "cfm:recipes/decorations/brown_grill": {
    "criteria": {
      "has_iron": "2024-06-09 22:31:57 +0000"
    },
    "done": true
  },
  "doggytalents:recipes/combat/sussy_sickle": {
    "criteria": {
      "has_iron_ingot": "2024-06-09 22:31:57 +0000"
    },
    "done": true
  },
  "cfm:recipes/decorations/light_gray_grill": {
    "criteria": {
      "has_iron": "2024-06-09 22:31:57 +0000"
    },
    "done": true
  },
  "cfm:recipes/decorations/green_grill": {
    "criteria": {
      "has_iron": "2024-06-09 22:31:57 +0000"
    },
    "done": true
  },
  "minecraft:recipes/misc/bucket": {
    "criteria": {
      "has_iron_ingot": "2024-06-09 22:31:57 +0000"
    },
    "done": true
  },
  "minecraft:recipes/combat/iron_helmet": {
    "criteria": {
      "has_iron_ingot": "2024-06-09 22:31:57 +0000"
    },
    "done": true
  },
  "minecraft:recipes/transportation/minecart": {
    "criteria": {
      "has_iron_ingot": "2024-06-09 22:31:57 +0000"
    },
    "done": true
  },
  "minecraft:recipes/tools/iron_hoe": {
    "criteria": {
      "has_iron_ingot": "2024-06-09 22:31:57 +0000"
    },
    "done": true
  },
  "cfm:recipes/tools/spatula": {
    "criteria": {
      "has_iron": "2024-06-09 22:31:57 +0000"
    },
    "done": true
  },
  "cfm:recipes/decorations/pink_trampoline": {
    "criteria": {
      "has_iron": "2024-06-09 22:31:57 +0000"
    },
    "done": true
  },
  "doggytalents:recipes/tools/whistle": {
    "criteria": {
      "has_iron_ingot": "2024-06-09 22:31:57 +0000"
    },
    "done": true
  },
  "cfm:recipes/decorations/fridge_dark": {
    "criteria": {
      "has_iron": "2024-06-09 22:31:57 +0000"
    },
    "done": true
  },
  "cfm:recipes/decorations/purple_grill": {
    "criteria": {
      "has_iron": "2024-06-09 22:31:57 +0000"
    },
    "done": true
  },
  "minecraft:story/smelt_iron": {
    "criteria": {
      "iron": "2024-06-09 22:31:57 +0000"
    },
    "done": true
  },
  "cfm:recipes/decorations/black_trampoline": {
    "criteria": {
      "has_iron": "2024-06-09 22:31:57 +0000"
    },
    "done": true
  },
  "minecraft:recipes/tools/shears": {
    "criteria": {
      "has_iron_ingot": "2024-06-09 22:31:57 +0000"
    },
    "done": true
  },
  "doggytalents:recipes/decorations/propeller_hat": {
    "criteria": {
      "has_iron_ingot": "2024-06-09 22:31:57 +0000"
    },
    "done": true
  },
  "cfm:recipes/decorations/yellow_grill": {
    "criteria": {
      "has_iron": "2024-06-09 22:31:57 +0000"
    },
    "done": true
  },
  "cfm:recipes/decorations/fridge_light": {
    "criteria": {
      "has_iron": "2024-06-09 22:31:57 +0000"
    },
    "done": true
  },
  "minecraft:recipes/decorations/chain": {
    "criteria": {
      "has_iron_ingot": "2024-06-09 22:31:57 +0000"
    },
    "done": true
  },
  "minecraft:recipes/building_blocks/iron_block": {
    "criteria": {
      "has_iron_ingot": "2024-06-09 22:31:57 +0000"
    },
    "done": true
  },
  "farmersdelight:recipes/decorations/cooking_pot": {
    "criteria": {
      "has_iron_ingot": "2024-06-09 22:31:57 +0000"
    },
    "done": true
  },
  "minecraft:recipes/decorations/smithing_table": {
    "criteria": {
      "has_iron_ingot": "2024-06-09 22:31:57 +0000"
    },
    "done": true
  },
  "mca:recipes/misc/needle_and_thread": {
    "criteria": {
      "has_item": "2024-06-09 22:31:57 +0000"
    },
    "done": true
  },
  "cfm:recipes/decorations/blue_trampoline": {
    "criteria": {
      "has_iron": "2024-06-09 22:31:57 +0000"
    },
    "done": true
  },
  "cfm:recipes/decorations/lime_trampoline": {
    "criteria": {
      "has_iron": "2024-06-09 22:31:57 +0000"
    },
    "done": true
  },
  "mca:recipes/misc/whistle": {
    "criteria": {
      "has_item": "2024-06-09 22:31:57 +0000"
    },
    "done": true
  },
  "cfm:recipes/decorations/light_gray_trampoline": {
    "criteria": {
      "has_iron": "2024-06-09 22:31:57 +0000"
    },
    "done": true
  },
  "minecraft:recipes/combat/iron_sword": {
    "criteria": {
      "has_iron_ingot": "2024-06-09 22:31:57 +0000"
    },
    "done": true
  },
  "minecraft:recipes/tools/iron_pickaxe": {
    "criteria": {
      "has_iron_ingot": "2024-06-09 22:31:57 +0000"
    },
    "done": true
  },
  "cfm:recipes/decorations/white_grill": {
    "criteria": {
      "has_iron": "2024-06-09 22:31:57 +0000"
    },
    "done": true
  },
  "minecraft:recipes/combat/shield": {
    "criteria": {
      "has_iron_ingot": "2024-06-09 22:31:57 +0000"
    },
    "done": true
  },
  "minecraft:recipes/redstone/hopper": {
    "criteria": {
      "has_iron_ingot": "2024-06-09 22:31:57 +0000"
    },
    "done": true
  },
  "cfm:recipes/decorations/yellow_trampoline": {
    "criteria": {
      "has_iron": "2024-06-09 22:31:57 +0000"
    },
    "done": true
  },
  "minecraft:recipes/decorations/iron_bars": {
    "criteria": {
      "has_iron_ingot": "2024-06-09 22:31:57 +0000"
    },
    "done": true
  },
  "cfm:recipes/decorations/white_trampoline": {
    "criteria": {
      "has_iron": "2024-06-09 22:31:57 +0000"
    },
    "done": true
  },
  "cfm:recipes/decorations/orange_trampoline": {
    "criteria": {
      "has_iron": "2024-06-09 22:31:57 +0000"
    },
    "done": true
  },
  "cfm:recipes/decorations/post_box": {
    "criteria": {
      "has_iron": "2024-06-09 22:31:57 +0000"
    },
    "done": true
  },
  "mca:recipes/misc/comb": {
    "criteria": {
      "has_item": "2024-06-09 22:31:57 +0000"
    },
    "done": true
  },
  "minecraft:recipes/combat/iron_boots": {
    "criteria": {
      "has_iron_ingot": "2024-06-09 22:31:57 +0000"
    },
    "done": true
  },
  "minecraft:recipes/decorations/lantern": {
    "criteria": {
      "has_iron_ingot": "2024-06-09 22:31:57 +0000"
    },
    "done": true
  },
  "cfm:recipes/decorations/gray_grill": {
    "criteria": {
      "has_iron": "2024-06-09 22:31:57 +0000"
    },
    "done": true
  },
  "cfm:recipes/decorations/cyan_trampoline": {
    "criteria": {
      "has_iron": "2024-06-09 22:31:57 +0000"
    },
    "done": true
  },
  "cfm:recipes/decorations/red_trampoline": {
    "criteria": {
      "has_iron": "2024-06-09 22:31:57 +0000"
    },
    "done": true
  },
  "minecraft:recipes/tools/iron_shovel": {
    "criteria": {
      "has_iron_ingot": "2024-06-09 22:31:57 +0000"
    },
    "done": true
  },
  "cfm:recipes/decorations/magenta_grill": {
    "criteria": {
      "has_iron": "2024-06-09 22:31:57 +0000"
    },
    "done": true
  },
  "cfm:recipes/decorations/purple_trampoline": {
    "criteria": {
      "has_iron": "2024-06-09 22:31:57 +0000"
    },
    "done": true
  },
  "cfm:recipes/decorations/pink_grill": {
    "criteria": {
      "has_iron": "2024-06-09 22:31:57 +0000"
    },
    "done": true
  },
  "cfm:recipes/decorations/gray_trampoline": {
    "criteria": {
      "has_iron": "2024-06-09 22:31:57 +0000"
    },
    "done": true
  },
  "cfm:recipes/decorations/green_trampoline": {
    "criteria": {
      "has_iron": "2024-06-09 22:31:57 +0000"
    },
    "done": true
  },
  "cfm:recipes/decorations/brown_trampoline": {
    "criteria": {
      "has_iron": "2024-06-09 22:31:57 +0000"
    },
    "done": true
  },
  "minecraft:recipes/redstone/dispenser": {
    "criteria": {
      "has_bow": "2024-06-09 22:31:57 +0000"
    },
    "done": true
  },
  "cfm:recipes/decorations/cyan_grill": {
    "criteria": {
      "has_iron": "2024-06-09 22:31:57 +0000"
    },
    "done": true
  },
  "cfm:recipes/decorations/black_grill": {
    "criteria": {
      "has_iron": "2024-06-09 22:31:57 +0000"
    },
    "done": true
  },
  "minecraft:recipes/redstone/iron_trapdoor": {
    "criteria": {
      "has_iron_ingot": "2024-06-09 22:31:57 +0000"
    },
    "done": true
  },
  "cfm:recipes/decorations/orange_grill": {
    "criteria": {
      "has_iron": "2024-06-09 22:31:57 +0000"
    },
    "done": true
  },
  "minecraft:recipes/tools/iron_axe": {
    "criteria": {
      "has_iron_ingot": "2024-06-09 22:31:57 +0000"
    },
    "done": true
  },
  "cfm:recipes/decorations/magenta_trampoline": {
    "criteria": {
      "has_iron": "2024-06-09 22:31:57 +0000"
    },
    "done": true
  },
  "minecraft:recipes/combat/crossbow": {
    "criteria": {
      "has_iron_ingot": "2024-06-09 22:31:57 +0000"
    },
    "done": true
  },
  "cfm:recipes/decorations/light_blue_trampoline": {
    "criteria": {
      "has_iron": "2024-06-09 22:31:57 +0000"
    },
    "done": true
  },
  "cfm:recipes/decorations/lime_grill": {
    "criteria": {
      "has_iron": "2024-06-09 22:31:57 +0000"
    },
    "done": true
  },
  "farmersdelight:recipes/combat/iron_knife": {
    "criteria": {
      "has_iron_ingot": "2024-06-09 22:31:57 +0000"
    },
    "done": true
  },
  "doggytalents:recipes/building_blocks/dog_bath": {
    "criteria": {
      "has_iron_ingot": "2024-06-09 22:31:57 +0000"
    },
    "done": true
  },
  "doggytalents:recipes/building_blocks/food_bowl": {
    "criteria": {
      "has_iron_ingot": "2024-06-09 22:31:57 +0000"
    },
    "done": true
  },
  "minecraft:recipes/redstone/iron_door": {
    "criteria": {
      "has_iron_ingot": "2024-06-09 22:31:57 +0000"
    },
    "done": true
  },
  "cfm:recipes/decorations/red_grill": {
    "criteria": {
      "has_iron": "2024-06-09 22:31:57 +0000"
    },
    "done": true
  },
  "minecraft:recipes/redstone/heavy_weighted_pressure_plate": {
    "criteria": {
      "has_iron_ingot": "2024-06-09 22:31:57 +0000"
    },
    "done": true
  },
  "minecraft:recipes/misc/iron_nugget_from_smelting": {
    "criteria": {
      "has_iron_sword": "2024-06-09 22:31:58 +0000"
    },
    "done": true
  },
  "minecraft:recipes/misc/iron_nugget_from_blasting": {
    "criteria": {
      "has_iron_sword": "2024-06-09 22:31:58 +0000"
    },
    "done": true
  },
  "minecraft:recipes/building_blocks/emerald_block": {
    "criteria": {
      "has_emerald": "2024-06-09 22:31:59 +0000"
    },
    "done": true
  },
  "doggytalents:recipes/decorations/baker_hat": {
    "criteria": {
      "has_bread": "2024-06-09 22:31:59 +0000"
    },
    "done": true
  },
  "doggytalents:recipes/decorations/hot_dog": {
    "criteria": {
      "has_bread": "2024-06-09 22:31:59 +0000"
    },
    "done": true
  },
  "farmersdelight:recipes/cooking/apple_cider": {
    "criteria": {
      "has_apple": "2024-06-09 22:32:00 +0000"
    },
    "done": true
  },
  "cfm:recipes/decorations/birch_cabinet": {
    "criteria": {
      "has_planks": "2024-06-09 22:32:34 +0000"
    },
    "done": true
  },
  "cfm:recipes/decorations/birch_desk_cabinet": {
    "criteria": {
      "has_planks": "2024-06-09 22:32:34 +0000"
    },
    "done": true
  },
  "minecraft:recipes/redstone/birch_button": {
    "criteria": {
      "has_planks": "2024-06-09 22:32:34 +0000"
    },
    "done": true
  },
  "cfm:recipes/decorations/birch_kitchen_drawer": {
    "criteria": {
      "has_planks": "2024-06-09 22:32:34 +0000"
    },
    "done": true
  },
  "minecraft:recipes/redstone/birch_door": {
    "criteria": {
      "has_planks": "2024-06-09 22:32:34 +0000"
    },
    "done": true
  },
  "minecraft:recipes/decorations/birch_fence": {
    "criteria": {
      "has_planks": "2024-06-09 22:32:34 +0000"
    },
    "done": true
  },
  "cfm:recipes/decorations/birch_table": {
    "criteria": {
      "has_planks": "2024-06-09 22:32:34 +0000"
    },
    "done": true
  },
  "minecraft:recipes/decorations/birch_sign": {
    "criteria": {
      "has_planks": "2024-06-09 22:32:34 +0000"
    },
    "done": true
  },
  "minecraft:recipes/redstone/birch_fence_gate": {
    "criteria": {
      "has_planks": "2024-06-09 22:32:34 +0000"
    },
    "done": true
  },
  "minecraft:recipes/building_blocks/birch_slab": {
    "criteria": {
      "has_planks": "2024-06-09 22:32:34 +0000"
    },
    "done": true
  },
  "cfm:recipes/decorations/birch_desk": {
    "criteria": {
      "has_planks": "2024-06-09 22:32:34 +0000"
    },
    "done": true
  },
  "minecraft:recipes/building_blocks/birch_stairs": {
    "criteria": {
      "has_planks": "2024-06-09 22:32:34 +0000"
    },
    "done": true
  },
  "cfm:recipes/decorations/birch_chair": {
    "criteria": {
      "has_planks": "2024-06-09 22:32:34 +0000"
    },
    "done": true
  },
  "cfm:recipes/decorations/birch_park_bench": {
    "criteria": {
      "has_planks": "2024-06-09 22:32:34 +0000"
    },
    "done": true
  },
  "cfm:recipes/decorations/birch_bedside_cabinet": {
    "criteria": {
      "has_planks": "2024-06-09 22:32:34 +0000"
    },
    "done": true
  },
  "cfm:recipes/decorations/birch_crate": {
    "criteria": {
      "has_planks": "2024-06-09 22:32:34 +0000"
    },
    "done": true
  },
  "cfm:recipes/decorations/birch_kitchen_counter": {
    "criteria": {
      "has_planks": "2024-06-09 22:32:34 +0000"
    },
    "done": true
  },
  "minecraft:recipes/redstone/birch_trapdoor": {
    "criteria": {
      "has_planks": "2024-06-09 22:32:34 +0000"
    },
    "done": true
  },
  "cfm:recipes/decorations/birch_kitchen_sink_light": {
    "criteria": {
      "has_bottom": "2024-06-09 22:32:34 +0000"
    },
    "done": true
  },
  "cfm:recipes/decorations/birch_coffee_table": {
    "criteria": {
      "has_planks": "2024-06-09 22:32:34 +0000"
    },
    "done": true
  },
  "minecraft:recipes/redstone/birch_pressure_plate": {
    "criteria": {
      "has_planks": "2024-06-09 22:32:34 +0000"
    },
    "done": true
  },
  "cfm:recipes/decorations/birch_kitchen_sink_dark": {
    "criteria": {
      "has_bottom": "2024-06-09 22:32:34 +0000"
    },
    "done": true
  },
  "farmersdelight:recipes/combat/diamond_knife": {
    "criteria": {
      "has_diamond": "2024-06-09 22:33:00 +0000"
    },
    "done": true
  },
  "minecraft:recipes/combat/diamond_leggings": {
    "criteria": {
      "has_diamond": "2024-06-09 22:33:00 +0000"
    },
    "done": true
  },
  "minecraft:recipes/combat/diamond_sword": {
    "criteria": {
      "has_diamond": "2024-06-09 22:33:00 +0000"
    },
    "done": true
  },
  "minecraft:recipes/decorations/jukebox": {
    "criteria": {
      "has_diamond": "2024-06-09 22:33:00 +0000"
    },
    "done": true
  },
  "minecraft:recipes/combat/diamond_chestplate": {
    "criteria": {
      "has_diamond": "2024-06-09 22:33:00 +0000"
    },
    "done": true
  },
  "minecraft:recipes/tools/diamond_pickaxe": {
    "criteria": {
      "has_diamond": "2024-06-09 22:33:00 +0000"
    },
    "done": true
  },
  "minecraft:recipes/tools/diamond_hoe": {
    "criteria": {
      "has_diamond": "2024-06-09 22:33:00 +0000"
    },
    "done": true
  },
  "minecraft:recipes/tools/diamond_shovel": {
    "criteria": {
      "has_diamond": "2024-06-09 22:33:00 +0000"
    },
    "done": true
  },
  "minecraft:recipes/combat/diamond_boots": {
    "criteria": {
      "has_diamond": "2024-06-09 22:33:00 +0000"
    },
    "done": true
  },
  "minecraft:recipes/combat/diamond_helmet": {
    "criteria": {
      "has_diamond": "2024-06-09 22:33:00 +0000"
    },
    "done": true
  },
  "minecraft:recipes/building_blocks/diamond_block": {
    "criteria": {
      "has_diamond": "2024-06-09 22:33:00 +0000"
    },
    "done": true
  },
  "minecraft:story/mine_diamond": {
    "criteria": {
      "diamond": "2024-06-09 22:33:00 +0000"
    },
    "done": true
  },
  "minecraft:recipes/tools/diamond_axe": {
    "criteria": {
      "has_diamond": "2024-06-09 22:33:00 +0000"
    },
    "done": true
  },
  "minecraft:recipes/tools/flint_and_steel": {
    "criteria": {
      "has_obsidian": "2024-06-09 22:33:01 +0000"
    },
    "done": true
  },
  "minecraft:story/form_obsidian": {
    "criteria": {
      "obsidian": "2024-06-09 22:33:01 +0000"
    },
    "done": true
  },
  "minecraft:recipes/decorations/enchanting_table": {
    "criteria": {
      "has_obsidian": "2024-06-09 22:33:01 +0000"
    },
    "done": true
  },
  "minecraft:story/obtain_armor": {
    "criteria": {
      "iron_helmet": "2024-06-09 22:33:02 +0000"
    },
    "done": true
  },
  "cfm:recipes/decorations/stripped_dark_oak_park_bench": {
    "criteria": {
      "has_log": "2024-06-09 22:35:55 +0000"
    },
    "done": true
  },
  "cfm:recipes/decorations/stripped_dark_oak_kitchen_counter": {
    "criteria": {
      "has_log": "2024-06-09 22:35:55 +0000"
    },
    "done": true
  },
  "cfm:recipes/decorations/dark_oak_desk_cabinet": {
    "criteria": {
      "has_log": "2024-06-09 22:35:55 +0000"
    },
    "done": true
  },
  "cfm:recipes/decorations/dark_oak_blinds": {
    "criteria": {
      "has_log": "2024-06-09 22:35:55 +0000"
    },
    "done": true
  },
  "cfm:recipes/decorations/stripped_dark_oak_bedside_cabinet": {
    "criteria": {
      "has_planks": "2024-06-09 22:35:55 +0000"
    },
    "done": true
  },
  "cfm:recipes/decorations/dark_oak_upgraded_gate": {
    "criteria": {
      "has_log": "2024-06-09 22:35:55 +0000"
    },
    "done": true
  },
  "cfm:recipes/decorations/stripped_dark_oak_crate": {
    "criteria": {
      "has_planks": "2024-06-09 22:35:55 +0000"
    },
    "done": true
  },
  "cfm:recipes/decorations/dark_oak_park_bench": {
    "criteria": {
      "has_log": "2024-06-09 22:35:55 +0000"
    },
    "done": true
  },
  "cfm:recipes/decorations/stripped_dark_oak_cabinet": {
    "criteria": {
      "has_log": "2024-06-09 22:35:55 +0000"
    },
    "done": true
  },
  "cfm:recipes/decorations/dark_oak_coffee_table": {
    "criteria": {
      "has_log": "2024-06-09 22:35:55 +0000"
    },
    "done": true
  },
  "cfm:recipes/decorations/stripped_dark_oak_chair": {
    "criteria": {
      "has_planks": "2024-06-09 22:35:55 +0000"
    },
    "done": true
  },
  "cfm:recipes/decorations/dark_oak_kitchen_drawer": {
    "criteria": {
      "has_log": "2024-06-09 22:35:55 +0000"
    },
    "done": true
  },
  "cfm:recipes/decorations/stripped_dark_oak_coffee_table": {
    "criteria": {
      "has_planks": "2024-06-09 22:35:55 +0000"
    },
    "done": true
  },
  "cfm:recipes/decorations/dark_oak_crate": {
    "criteria": {
      "has_log": "2024-06-09 22:35:55 +0000"
    },
    "done": true
  },
  "minecraft:recipes/building_blocks/dark_oak_planks": {
    "criteria": {
      "has_log": "2024-06-09 22:35:55 +0000"
    },
    "done": true
  },
  "cfm:recipes/decorations/dark_oak_upgraded_fence": {
    "criteria": {
      "has_log": "2024-06-09 22:35:55 +0000"
    },
    "done": true
  },
  "cfm:recipes/decorations/dark_oak_bedside_cabinet": {
    "criteria": {
      "has_log": "2024-06-09 22:35:55 +0000"
    },
    "done": true
  },
  "cfm:recipes/decorations/stripped_dark_oak_table": {
    "criteria": {
      "has_planks": "2024-06-09 22:35:55 +0000"
    },
    "done": true
  },
  "minecraft:recipes/building_blocks/dark_oak_wood": {
    "criteria": {
      "has_log": "2024-06-09 22:35:55 +0000"
    },
    "done": true
  },
  "cfm:recipes/decorations/stripped_dark_oak_kitchen_drawer": {
    "criteria": {
      "has_log": "2024-06-09 22:35:55 +0000"
    },
    "done": true
  },
  "cfm:recipes/decorations/dark_oak_chair": {
    "criteria": {
      "has_log": "2024-06-09 22:35:55 +0000"
    },
    "done": true
  },
  "cfm:recipes/decorations/dark_oak_cabinet": {
    "criteria": {
      "has_log": "2024-06-09 22:35:55 +0000"
    },
    "done": true
  },
  "cfm:recipes/decorations/stripped_dark_oak_desk": {
    "criteria": {
      "has_planks": "2024-06-09 22:35:55 +0000"
    },
    "done": true
  },
  "cfm:recipes/decorations/stripped_dark_oak_desk_cabinet": {
    "criteria": {
      "has_planks": "2024-06-09 22:35:55 +0000"
    },
    "done": true
  },
  "cfm:recipes/decorations/dark_oak_desk": {
    "criteria": {
      "has_log": "2024-06-09 22:35:55 +0000"
    },
    "done": true
  },
  "cfm:recipes/decorations/dark_oak_table": {
    "criteria": {
      "has_log": "2024-06-09 22:35:55 +0000"
    },
    "done": true
  },
  "cfm:recipes/decorations/dark_oak_kitchen_counter": {
    "criteria": {
      "has_log": "2024-06-09 22:35:55 +0000"
    },
    "done": true
  },
  "farmersdelight:recipes/food/sweet_berry_cookie": {
    "criteria": {
      "has_sweet_berries": "2024-06-09 22:36:28 +0000"
    },
    "done": true
  },
  "farmersdelight:main/plant_all_crops": {
    "criteria": {
      "sweet_berries": "2024-06-09 22:37:16 +0000"
    },
    "done": false
  },
  "minecraft:recipes/redstone/dark_oak_fence_gate": {
    "criteria": {
      "has_planks": "2024-06-09 22:37:42 +0000"
    },
    "done": true
  },
  "minecraft:recipes/redstone/dark_oak_trapdoor": {
    "criteria": {
      "has_planks": "2024-06-09 22:37:42 +0000"
    },
    "done": true
  },
  "minecraft:recipes/redstone/dark_oak_button": {
    "criteria": {
      "has_planks": "2024-06-09 22:37:42 +0000"
    },
    "done": true
  },
  "cfm:recipes/decorations/dark_oak_kitchen_sink_dark": {
    "criteria": {
      "has_bottom": "2024-06-09 22:37:42 +0000"
    },
    "done": true
  },
  "cfm:recipes/decorations/dark_oak_kitchen_sink_light": {
    "criteria": {
      "has_bottom": "2024-06-09 22:37:42 +0000"
    },
    "done": true
  },
  "minecraft:recipes/building_blocks/dark_oak_stairs": {
    "criteria": {
      "has_planks": "2024-06-09 22:37:42 +0000"
    },
    "done": true
  },
  "minecraft:recipes/redstone/dark_oak_pressure_plate": {
    "criteria": {
      "has_planks": "2024-06-09 22:37:42 +0000"
    },
    "done": true
  },
  "minecraft:recipes/decorations/dark_oak_fence": {
    "criteria": {
      "has_planks": "2024-06-09 22:37:42 +0000"
    },
    "done": true
  },
  "minecraft:recipes/building_blocks/dark_oak_slab": {
    "criteria": {
      "has_planks": "2024-06-09 22:37:42 +0000"
    },
    "done": true
  },
  "minecraft:recipes/redstone/dark_oak_door": {
    "criteria": {
      "has_planks": "2024-06-09 22:37:42 +0000"
    },
    "done": true
  },
  "minecraft:recipes/decorations/dark_oak_sign": {
    "criteria": {
      "has_planks": "2024-06-09 22:37:42 +0000"
    },
    "done": true
  },
  "farmersdelight:recipes/cooking/dog_food": {
    "criteria": {
      "has_any_ingredient": "2024-06-09 22:38:13 +0000"
    },
    "done": true
  },
  "farmersdelight:recipes/building_blocks/organic_compost_from_rotten_flesh": {
    "criteria": {
      "has_rotten_flesh": "2024-06-09 22:38:13 +0000"
    },
    "done": true
  },
  "doggytalents:recipes/decorations/pianist_suit": {
    "criteria": {
      "has_string": "2024-06-09 22:39:29 +0000"
    },
    "done": true
  },
  "minecraft:recipes/combat/bow": {
    "criteria": {
      "has_string": "2024-06-09 22:39:29 +0000"
    },
    "done": true
  },
  "doggytalents:recipes/decorations/bowtie": {
    "criteria": {
      "has_string": "2024-06-09 22:39:29 +0000"
    },
    "done": true
  },
  "doggytalents:recipes/decorations/guard_suit": {
    "criteria": {
      "has_string": "2024-06-09 22:39:29 +0000"
    },
    "done": true
  },
  "minecraft:recipes/tools/fishing_rod": {
    "criteria": {
      "has_string": "2024-06-09 22:39:29 +0000"
    },
    "done": true
  },
  "doggytalents:recipes/decorations/locator_orb_rei": {
    "criteria": {
      "has_string": "2024-06-09 22:39:29 +0000"
    },
    "done": true
  },
  "minecraft:recipes/redstone/tripwire_hook": {
    "criteria": {
      "has_string": "2024-06-09 22:39:29 +0000"
    },
    "done": true
  },
  "doggytalents:recipes/decorations/wig": {
    "criteria": {
      "has_string": "2024-06-09 22:39:29 +0000"
    },
    "done": true
  },
  "minecraft:recipes/decorations/candle": {
    "criteria": {
      "has_string": "2024-06-09 22:39:29 +0000"
    },
    "done": true
  },
  "doggytalents:recipes/decorations/wool_collar_thicc": {
    "criteria": {
      "has_string": "2024-06-09 22:39:29 +0000"
    },
    "done": true
  },
  "doggytalents:recipes/decorations/locator_orb_shin": {
    "criteria": {
      "has_string": "2024-06-09 22:39:29 +0000"
    },
    "done": true
  },
  "doggytalents:recipes/tools/empty_locator_orb": {
    "criteria": {
      "has_string": "2024-06-09 22:39:29 +0000"
    },
    "done": true
  },
  "doggytalents:recipes/decorations/bach_wig": {
    "criteria": {
      "has_string": "2024-06-09 22:39:29 +0000"
    },
    "done": true
  },
  "doggytalents:recipes/decorations/tengu_mask": {
    "criteria": {
      "has_string": "2024-06-09 22:39:29 +0000"
    },
    "done": true
  },
  "minecraft:recipes/brewing/fermented_spider_eye": {
    "criteria": {
      "has_spider_eye": "2024-06-09 22:39:29 +0000"
    },
    "done": true
  },
  "doggytalents:recipes/decorations/locator_orb_jin": {
    "criteria": {
      "has_string": "2024-06-09 22:39:29 +0000"
    },
    "done": true
  },
  "doggytalents:recipes/decorations/wool_collar": {
    "criteria": {
      "has_string": "2024-06-09 22:39:29 +0000"
    },
    "done": true
  },
  "doggytalents:recipes/misc/gender_bone": {
    "criteria": {
      "has_string": "2024-06-09 22:39:29 +0000"
    },
    "done": true
  },
  "doggytalents:recipes/decorations/kitsune_mask": {
    "criteria": {
      "has_string": "2024-06-09 22:39:29 +0000"
    },
    "done": true
  },
  "minecraft:recipes/building_blocks/white_wool_from_string": {
    "criteria": {
      "has_string": "2024-06-09 22:39:29 +0000"
    },
    "done": true
  },
  "doggytalents:recipes/decorations/locator_orb_chu": {
    "criteria": {
      "has_string": "2024-06-09 22:39:29 +0000"
    },
    "done": true
  },
  "doggytalents:recipes/decorations/locator_orb_chi": {
    "criteria": {
      "has_string": "2024-06-09 22:39:29 +0000"
    },
    "done": true
  },
  "doggytalents:recipes/decorations/locator_orb_tei": {
    "criteria": {
      "has_string": "2024-06-09 22:39:29 +0000"
    },
    "done": true
  },
  "doggytalents:recipes/decorations/locator_orb_ko": {
    "criteria": {
      "has_string": "2024-06-09 22:39:29 +0000"
    },
    "done": true
  },
  "minecraft:recipes/decorations/loom": {
    "criteria": {
      "has_string": "2024-06-09 22:39:29 +0000"
    },
    "done": true
  },
  "doggytalents:recipes/decorations/locator_orb_gi": {
    "criteria": {
      "has_string": "2024-06-09 22:39:29 +0000"
    },
    "done": true
  },
  "doggytalents:recipes/decorations/locator_orb_dyable": {
    "criteria": {
      "has_string": "2024-06-09 22:39:29 +0000"
    },
    "done": true
  },
  "minecraft:recipes/decorations/painting": {
    "criteria": {
      "has_wool": "2024-06-09 22:40:33 +0000"
    },
    "done": true
  },
  "doggytalents:recipes/decorations/lab_coat": {
    "criteria": {
      "has_wool": "2024-06-09 22:40:33 +0000"
    },
    "done": true
  },
  "minecraft:recipes/decorations/light_gray_bed": {
    "criteria": {
      "has_light_gray_wool": "2024-06-09 22:40:33 +0000"
    },
    "done": true
  },
  "minecraft:recipes/decorations/light_gray_banner": {
    "criteria": {
      "has_light_gray_wool": "2024-06-09 22:40:33 +0000"
    },
    "done": true
  },
  "cfm:recipes/decorations/light_gray_sofa": {
    "criteria": {
      "has_wool": "2024-06-09 22:40:33 +0000"
    },
    "done": true
  },
  "minecraft:recipes/decorations/light_gray_carpet": {
    "criteria": {
      "has_light_gray_wool": "2024-06-09 22:40:33 +0000"
    },
    "done": true
  },
  "doggytalents:recipes/building_blocks/dog_bed_def": {
    "criteria": {
      "has_wool": "2024-06-09 22:40:33 +0000"
    },
    "done": true
  },
  "minecraft:adventure/sleep_in_bed": {
    "criteria": {
      "slept_in_bed": "2024-06-09 22:40:51 +0000"
    },
    "done": true
  },
  "minecraft:recipes/food/cooked_mutton": {
    "criteria": {
      "has_the_recipe": "2024-06-09 22:46:39 +0000"
    },
    "done": true
  },
  "iceandfire:recipes/misc/dragon_meal": {
    "criteria": {
      "has_item": "2024-06-09 22:46:40 +0000"
    },
    "done": true
  },
  "farmersdelight:recipes/food/roasted_mutton_chops": {
    "criteria": {
      "has_mutton": "2024-06-09 22:46:40 +0000"
    },
    "done": true
  },
  "farmersdelight:recipes/food/shepherds_pie_block": {
    "criteria": {
      "has_cooked_mutton": "2024-06-09 22:46:40 +0000"
    },
    "done": true
  },
  "farmersdelight:recipes/food/mutton_wrap": {
    "criteria": {
      "has_mutton": "2024-06-09 22:46:40 +0000"
    },
    "done": true
  },
  "sophisticatedbackpacks:recipes/misc/copper_backpack": {
    "criteria": {
      "has_backpack": "2024-06-09 22:55:06 +0000"
    },
    "done": true
  },
  "sophisticatedbackpacks:recipes/misc/iron_backpack": {
    "criteria": {
      "has_backpack": "2024-06-09 22:55:06 +0000"
    },
    "done": true
  },
  "mca:recipes/misc/family_tree": {
    "criteria": {
      "has_item": "2024-06-09 23:01:04 +0000"
    },
    "done": true
  },
  "minecraft:recipes/building_blocks/bookshelf": {
    "criteria": {
      "has_book": "2024-06-09 23:01:04 +0000"
    },
    "done": true
  },
  "iceandfire:recipes/misc/blindfold": {
    "criteria": {
      "has_item": "2024-06-09 23:08:33 +0000"
    },
    "done": true
  },
  "minecraft:recipes/decorations/snow": {
    "criteria": {
      "has_snowball": "2024-06-09 23:06:33 +0000"
    },
    "done": true
  },
  "minecraft:recipes/redstone/lectern": {
    "criteria": {
      "has_book": "2024-06-09 23:01:04 +0000"
    },
    "done": true
  },
  "minecraft:recipes/building_blocks/chiseled_bookshelf": {
    "criteria": {
      "has_book": "2024-06-09 23:01:04 +0000"
    },
    "done": true
  },
  "doggytalents:recipes/decorations/flatcap": {
    "criteria": {
      "has_white_carpet": "2024-06-09 23:00:19 +0000"
    },
    "done": true
  },
  "minecraft:recipes/misc/writable_book": {
    "criteria": {
      "has_book": "2024-06-09 23:01:04 +0000"
    },
    "done": true
  },
  "sophisticatedbackpacks:recipes/misc/backpack": {
    "criteria": {
      "has_leather": "2024-06-09 23:08:33 +0000"
    },
    "done": true
  },
  "sophisticatedbackpacks:recipes/misc/upgrade_base": {
    "criteria": {
      "has_leather": "2024-06-09 23:08:33 +0000"
    },
    "done": true
  },
  "sophisticatedbackpacks:recipes/misc/iron_backpack_from_copper": {
    "criteria": {
      "has_copper_backpack": "2024-06-09 23:00:04 +0000"
    },
    "done": true
  },
  "minecraft:recipes/building_blocks/snow_block": {
    "criteria": {
      "has_snowball": "2024-06-09 23:06:33 +0000"
    },
    "done": true
  },
  "minecraft:recipes/misc/iron_ingot_from_nuggets": {
    "criteria": {
      "has_iron_nugget": "2024-06-09 23:07:46 +0000"
    },
    "done": true
  },
  "DataVersion": 3465
}